{
  "ABIRoot": {
    "kind": "Root",
    "name": "EkycUI",
    "printedName": "EkycUI",
    "children": [
      {
        "kind": "Import",
        "name": "Foundation",
        "printedName": "Foundation",
        "declKind": "Import",
        "moduleName": "EkycUI",
        "declAttributes": [
          "RawDocComment"
        ]
      },
      {
        "kind": "Import",
        "name": "UIKit",
        "printedName": "UIKit",
        "declKind": "Import",
        "moduleName": "EkycUI"
      },
      {
        "kind": "Import",
        "name": "SDKCore",
        "printedName": "SDKCore",
        "declKind": "Import",
        "moduleName": "EkycUI"
      },
      {
        "kind": "Import",
        "name": "SDKUI",
        "printedName": "SDKUI",
        "declKind": "Import",
        "moduleName": "EkycUI"
      },
      {
        "kind": "TypeDecl",
        "name": "SdkEkycUI",
        "printedName": "SdkEkycUI",
        "children": [
          {
            "kind": "Function",
            "name": "startEkyc",
            "printedName": "startEkyc(from:ekycConfigSDK:callbackSuccess:callbackError:)",
            "children": [
              {
                "kind": "TypeNominal",
                "name": "Void",
                "printedName": "()"
              },
              {
                "kind": "TypeNominal",
                "name": "UIViewController",
                "printedName": "UIKit.UIViewController",
                "usr": "c:objc(cs)UIViewController"
              },
              {
                "kind": "TypeNominal",
                "name": "EKYCConfigSDK",
                "printedName": "SDKCore.EKYCConfigSDK",
                "usr": "c:@M@SDKCore@objc(cs)EKYCConfigSDK"
              },
              {
                "kind": "TypeNominal",
                "name": "Optional",
                "printedName": "((SDKCore.EKYCEvent, [Swift.String : Any]?) -> ())?",
                "children": [
                  {
                    "kind": "TypeFunc",
                    "name": "Function",
                    "printedName": "(SDKCore.EKYCEvent, [Swift.String : Any]?) -> ()",
                    "children": [
                      {
                        "kind": "TypeNominal",
                        "name": "Void",
                        "printedName": "()"
                      },
                      {
                        "kind": "TypeNominal",
                        "name": "Tuple",
                        "printedName": "(SDKCore.EKYCEvent, [Swift.String : Any]?)",
                        "children": [
                          {
                            "kind": "TypeNominal",
                            "name": "EKYCEvent",
                            "printedName": "SDKCore.EKYCEvent",
                            "usr": "c:@M@SDKCore@E@EKYCEvent"
                          },
                          {
                            "kind": "TypeNominal",
                            "name": "Optional",
                            "printedName": "[Swift.String : Any]?",
                            "children": [
                              {
                                "kind": "TypeNominal",
                                "name": "Dictionary",
                                "printedName": "[Swift.String : Any]",
                                "children": [
                                  {
                                    "kind": "TypeNominal",
                                    "name": "String",
                                    "printedName": "Swift.String",
                                    "usr": "s:SS"
                                  },
                                  {
                                    "kind": "TypeNominal",
                                    "name": "ProtocolComposition",
                                    "printedName": "Any"
                                  }
                                ],
                                "usr": "s:SD"
                              }
                            ],
                            "usr": "s:Sq"
                          }
                        ]
                      }
                    ]
                  }
                ],
                "usr": "s:Sq"
              },
              {
                "kind": "TypeNominal",
                "name": "Optional",
                "printedName": "((SDKCore.EKYCErrorEvent, SDKCore.EKYCErrorResult) -> ())?",
                "children": [
                  {
                    "kind": "TypeFunc",
                    "name": "Function",
                    "printedName": "(SDKCore.EKYCErrorEvent, SDKCore.EKYCErrorResult) -> ()",
                    "children": [
                      {
                        "kind": "TypeNominal",
                        "name": "Void",
                        "printedName": "()"
                      },
                      {
                        "kind": "TypeNominal",
                        "name": "Tuple",
                        "printedName": "(SDKCore.EKYCErrorEvent, SDKCore.EKYCErrorResult)",
                        "children": [
                          {
                            "kind": "TypeNominal",
                            "name": "EKYCErrorEvent",
                            "printedName": "SDKCore.EKYCErrorEvent",
                            "usr": "c:@M@SDKCore@E@EKYCErrorEvent"
                          },
                          {
                            "kind": "TypeNominal",
                            "name": "EKYCErrorResult",
                            "printedName": "SDKCore.EKYCErrorResult",
                            "usr": "c:@M@SDKCore@objc(cs)EKYCErrorResult"
                          }
                        ]
                      }
                    ]
                  }
                ],
                "usr": "s:Sq"
              }
            ],
            "declKind": "Func",
            "usr": "c:@M@EkycUI@objc(cs)SdkEkycUI(cm)startEkycFrom:ekycConfigSDK:callbackSuccess:callbackError:",
            "mangledName": "$s6EkycUI03SdkaB0C05startA04from13ekycConfigSDK15callbackSuccess0I5ErrorySo16UIViewControllerC_7SDKCore010EKYCConfigH0CyAK9EKYCEventO_SDySSypGSgtcSgyAK14EKYCErrorEventO_AK0Q6ResultCtcSgtFZ",
            "moduleName": "EkycUI",
            "static": true,
            "objc_name": "startEkycFrom:ekycConfigSDK:callbackSuccess:callbackError:",
            "declAttributes": [
              "Final",
              "AccessControl",
              "ObjC",
              "RawDocComment"
            ],
            "funcSelfKind": "NonMutating"
          },
          {
            "kind": "Function",
            "name": "onNewIntentNfc",
            "printedName": "onNewIntentNfc()",
            "children": [
              {
                "kind": "TypeNominal",
                "name": "Void",
                "printedName": "()"
              }
            ],
            "declKind": "Func",
            "usr": "c:@M@EkycUI@objc(cs)SdkEkycUI(cm)onNewIntentNfc",
            "mangledName": "$s6EkycUI03SdkaB0C14onNewIntentNfcyyFZ",
            "moduleName": "EkycUI",
            "static": true,
            "declAttributes": [
              "Final",
              "AccessControl",
              "ObjC",
              "RawDocComment"
            ],
            "funcSelfKind": "NonMutating"
          },
          {
            "kind": "Function",
            "name": "onResumeNfc",
            "printedName": "onResumeNfc(_:)",
            "children": [
              {
                "kind": "TypeNominal",
                "name": "Void",
                "printedName": "()"
              },
              {
                "kind": "TypeNominal",
                "name": "UIViewController",
                "printedName": "UIKit.UIViewController",
                "usr": "c:objc(cs)UIViewController"
              }
            ],
            "declKind": "Func",
            "usr": "c:@M@EkycUI@objc(cs)SdkEkycUI(cm)onResumeNfc:",
            "mangledName": "$s6EkycUI03SdkaB0C11onResumeNfcyySo16UIViewControllerCFZ",
            "moduleName": "EkycUI",
            "static": true,
            "declAttributes": [
              "Final",
              "AccessControl",
              "ObjC",
              "RawDocComment"
            ],
            "funcSelfKind": "NonMutating"
          },
          {
            "kind": "Function",
            "name": "onPauseNfc",
            "printedName": "onPauseNfc(_:)",
            "children": [
              {
                "kind": "TypeNominal",
                "name": "Void",
                "printedName": "()"
              },
              {
                "kind": "TypeNominal",
                "name": "UIViewController",
                "printedName": "UIKit.UIViewController",
                "usr": "c:objc(cs)UIViewController"
              }
            ],
            "declKind": "Func",
            "usr": "c:@M@EkycUI@objc(cs)SdkEkycUI(cm)onPauseNfc:",
            "mangledName": "$s6EkycUI03SdkaB0C10onPauseNfcyySo16UIViewControllerCFZ",
            "moduleName": "EkycUI",
            "static": true,
            "declAttributes": [
              "Final",
              "AccessControl",
              "ObjC",
              "RawDocComment"
            ],
            "funcSelfKind": "NonMutating"
          },
          {
            "kind": "Constructor",
            "name": "init",
            "printedName": "init()",
            "children": [
              {
                "kind": "TypeNominal",
                "name": "SdkEkycUI",
                "printedName": "EkycUI.SdkEkycUI",
                "usr": "c:@M@EkycUI@objc(cs)SdkEkycUI"
              }
            ],
            "declKind": "Constructor",
            "usr": "c:@M@EkycUI@objc(cs)SdkEkycUI(im)init",
            "mangledName": "$s6EkycUI03SdkaB0CACycfc",
            "moduleName": "EkycUI",
            "overriding": true,
            "implicit": true,
            "objc_name": "init",
            "declAttributes": [
              "Dynamic",
              "ObjC",
              "Override"
            ],
            "init_kind": "Designated"
          }
        ],
        "declKind": "Class",
        "usr": "c:@M@EkycUI@objc(cs)SdkEkycUI",
        "mangledName": "$s6EkycUI03SdkaB0C",
        "moduleName": "EkycUI",
        "declAttributes": [
          "AccessControl",
          "ObjC",
          "RawDocComment"
        ],
        "superclassUsr": "c:objc(cs)NSObject",
        "inheritsConvenienceInitializers": true,
        "superclassNames": [
          "ObjectiveC.NSObject"
        ],
        "conformances": [
          {
            "kind": "Conformance",
            "name": "Copyable",
            "printedName": "Copyable",
            "usr": "s:s8CopyableP",
            "mangledName": "$ss8CopyableP"
          },
          {
            "kind": "Conformance",
            "name": "Escapable",
            "printedName": "Escapable",
            "usr": "s:s9EscapableP",
            "mangledName": "$ss9EscapableP"
          },
          {
            "kind": "Conformance",
            "name": "Equatable",
            "printedName": "Equatable",
            "usr": "s:SQ",
            "mangledName": "$sSQ"
          },
          {
            "kind": "Conformance",
            "name": "Hashable",
            "printedName": "Hashable",
            "usr": "s:SH",
            "mangledName": "$sSH"
          },
          {
            "kind": "Conformance",
            "name": "CVarArg",
            "printedName": "CVarArg",
            "usr": "s:s7CVarArgP",
            "mangledName": "$ss7CVarArgP"
          },
          {
            "kind": "Conformance",
            "name": "_KeyValueCodingAndObservingPublishing",
            "printedName": "_KeyValueCodingAndObservingPublishing",
            "usr": "s:10Foundation37_KeyValueCodingAndObservingPublishingP",
            "mangledName": "$s10Foundation37_KeyValueCodingAndObservingPublishingP"
          },
          {
            "kind": "Conformance",
            "name": "_KeyValueCodingAndObserving",
            "printedName": "_KeyValueCodingAndObserving",
            "usr": "s:10Foundation27_KeyValueCodingAndObservingP",
            "mangledName": "$s10Foundation27_KeyValueCodingAndObservingP"
          },
          {
            "kind": "Conformance",
            "name": "CustomStringConvertible",
            "printedName": "CustomStringConvertible",
            "usr": "s:s23CustomStringConvertibleP",
            "mangledName": "$ss23CustomStringConvertibleP"
          },
          {
            "kind": "Conformance",
            "name": "CustomDebugStringConvertible",
            "printedName": "CustomDebugStringConvertible",
            "usr": "s:s28CustomDebugStringConvertibleP",
            "mangledName": "$ss28CustomDebugStringConvertibleP"
          }
        ]
      }
    ],
    "json_format_version": 8
  },
  "ConstValues": []
}