{
  "ABIRoot": {
    "kind": "Root",
    "name": "C06",
    "printedName": "C06",
    "children": [
      {
        "kind": "Import",
        "name": "Foundation",
        "printedName": "Foundation",
        "declKind": "Import",
        "moduleName": "C06",
        "declAttributes": [
          "RawDocComment"
        ]
      },
      {
        "kind": "TypeDecl",
        "name": "SDKC06Init",
        "printedName": "SDKC06Init",
        "children": [
          {
            "kind": "Var",
            "name": "shared",
            "printedName": "shared",
            "children": [
              {
                "kind": "TypeNominal",
                "name": "SDKC06Init",
                "printedName": "C06.SDKC06Init",
                "usr": "s:3C0610SDKC06InitC"
              }
            ],
            "declKind": "Var",
            "usr": "s:3C0610SDKC06InitC6sharedACvpZ",
            "mangledName": "$s3C0610SDKC06InitC6sharedACvpZ",
            "moduleName": "C06",
            "static": true,
            "declAttributes": [
              "HasInitialValue",
              "Final",
              "HasStorage",
              "AccessControl"
            ],
            "isLet": true,
            "hasStorage": true,
            "accessors": [
              {
                "kind": "Accessor",
                "name": "Get",
                "printedName": "Get()",
                "children": [
                  {
                    "kind": "TypeNominal",
                    "name": "SDKC06Init",
                    "printedName": "C06.SDKC06Init",
                    "usr": "s:3C0610SDKC06InitC"
                  }
                ],
                "declKind": "Accessor",
                "usr": "s:3C0610SDKC06InitC6sharedACvgZ",
                "mangledName": "$s3C0610SDKC06InitC6sharedACvgZ",
                "moduleName": "C06",
                "static": true,
                "implicit": true,
                "declAttributes": [
                  "Final"
                ],
                "accessorKind": "get"
              }
            ]
          },
          {
            "kind": "Function",
            "name": "initialize",
            "printedName": "initialize()",
            "children": [
              {
                "kind": "TypeNominal",
                "name": "Void",
                "printedName": "()"
              }
            ],
            "declKind": "Func",
            "usr": "s:3C0610SDKC06InitC10initializeyyF",
            "mangledName": "$s3C0610SDKC06InitC10initializeyyF",
            "moduleName": "C06",
            "declAttributes": [
              "AccessControl",
              "RawDocComment"
            ],
            "funcSelfKind": "NonMutating"
          },
          {
            "kind": "Function",
            "name": "getViewModel",
            "printedName": "getViewModel()",
            "children": [
              {
                "kind": "TypeNominal",
                "name": "SDKC06ViewModel",
                "printedName": "C06.SDKC06ViewModel",
                "usr": "s:3C0615SDKC06ViewModelC"
              }
            ],
            "declKind": "Func",
            "usr": "s:3C0610SDKC06InitC12getViewModelAA0beF0CyF",
            "mangledName": "$s3C0610SDKC06InitC12getViewModelAA0beF0CyF",
            "moduleName": "C06",
            "declAttributes": [
              "AccessControl",
              "RawDocComment"
            ],
            "funcSelfKind": "NonMutating"
          },
          {
            "kind": "Function",
            "name": "cleanup",
            "printedName": "cleanup()",
            "children": [
              {
                "kind": "TypeNominal",
                "name": "Void",
                "printedName": "()"
              }
            ],
            "declKind": "Func",
            "usr": "s:3C0610SDKC06InitC7cleanupyyF",
            "mangledName": "$s3C0610SDKC06InitC7cleanupyyF",
            "moduleName": "C06",
            "declAttributes": [
              "AccessControl",
              "RawDocComment"
            ],
            "funcSelfKind": "NonMutating"
          }
        ],
        "declKind": "Class",
        "usr": "s:3C0610SDKC06InitC",
        "mangledName": "$s3C0610SDKC06InitC",
        "moduleName": "C06",
        "declAttributes": [
          "AccessControl",
          "RawDocComment"
        ],
        "hasMissingDesignatedInitializers": true,
        "conformances": [
          {
            "kind": "Conformance",
            "name": "Copyable",
            "printedName": "Copyable",
            "usr": "s:s8CopyableP",
            "mangledName": "$ss8CopyableP"
          },
          {
            "kind": "Conformance",
            "name": "Escapable",
            "printedName": "Escapable",
            "usr": "s:s9EscapableP",
            "mangledName": "$ss9EscapableP"
          }
        ]
      },
      {
        "kind": "Import",
        "name": "Foundation",
        "printedName": "Foundation",
        "declKind": "Import",
        "moduleName": "C06",
        "declAttributes": [
          "RawDocComment"
        ]
      },
      {
        "kind": "Import",
        "name": "UIKit",
        "printedName": "UIKit",
        "declKind": "Import",
        "moduleName": "C06"
      },
      {
        "kind": "Import",
        "name": "SDKCore",
        "printedName": "SDKCore",
        "declKind": "Import",
        "moduleName": "C06"
      },
      {
        "kind": "TypeDecl",
        "name": "SDKC06ViewModel",
        "printedName": "SDKC06ViewModel",
        "children": [
          {
            "kind": "Constructor",
            "name": "init",
            "printedName": "init()",
            "children": [
              {
                "kind": "TypeNominal",
                "name": "SDKC06ViewModel",
                "printedName": "C06.SDKC06ViewModel",
                "usr": "s:3C0615SDKC06ViewModelC"
              }
            ],
            "declKind": "Constructor",
            "usr": "s:3C0615SDKC06ViewModelCACycfc",
            "mangledName": "$s3C0615SDKC06ViewModelCACycfc",
            "moduleName": "C06",
            "declAttributes": [
              "AccessControl"
            ],
            "init_kind": "Designated"
          },
          {
            "kind": "Function",
            "name": "checkC06",
            "printedName": "checkC06(apiKey:c06Config:callbackSuccess:callbackError:)",
            "children": [
              {
                "kind": "TypeNominal",
                "name": "Void",
                "printedName": "()"
              },
              {
                "kind": "TypeNominal",
                "name": "String",
                "printedName": "Swift.String",
                "usr": "s:SS"
              },
              {
                "kind": "TypeNominal",
                "name": "C06Config",
                "printedName": "SDKCore.C06Config",
                "usr": "c:@M@SDKCore@objc(cs)C06Config"
              },
              {
                "kind": "TypeFunc",
                "name": "Function",
                "printedName": "(SDKCore.EKYCEvent, SDKCore.SDKEkycResult?) -> ()",
                "children": [
                  {
                    "kind": "TypeNominal",
                    "name": "Void",
                    "printedName": "()"
                  },
                  {
                    "kind": "TypeNominal",
                    "name": "Tuple",
                    "printedName": "(SDKCore.EKYCEvent, SDKCore.SDKEkycResult?)",
                    "children": [
                      {
                        "kind": "TypeNominal",
                        "name": "EKYCEvent",
                        "printedName": "SDKCore.EKYCEvent",
                        "usr": "c:@M@SDKCore@E@EKYCEvent"
                      },
                      {
                        "kind": "TypeNominal",
                        "name": "Optional",
                        "printedName": "SDKCore.SDKEkycResult?",
                        "children": [
                          {
                            "kind": "TypeNominal",
                            "name": "SDKEkycResult",
                            "printedName": "SDKCore.SDKEkycResult",
                            "usr": "c:@M@SDKCore@objc(cs)SDKEkycResult"
                          }
                        ],
                        "usr": "s:Sq"
                      }
                    ]
                  }
                ]
              },
              {
                "kind": "TypeFunc",
                "name": "Function",
                "printedName": "(SDKCore.EKYCErrorEvent, SDKCore.EKYCErrorResult) -> ()",
                "children": [
                  {
                    "kind": "TypeNominal",
                    "name": "Void",
                    "printedName": "()"
                  },
                  {
                    "kind": "TypeNominal",
                    "name": "Tuple",
                    "printedName": "(SDKCore.EKYCErrorEvent, SDKCore.EKYCErrorResult)",
                    "children": [
                      {
                        "kind": "TypeNominal",
                        "name": "EKYCErrorEvent",
                        "printedName": "SDKCore.EKYCErrorEvent",
                        "usr": "c:@M@SDKCore@E@EKYCErrorEvent"
                      },
                      {
                        "kind": "TypeNominal",
                        "name": "EKYCErrorResult",
                        "printedName": "SDKCore.EKYCErrorResult",
                        "usr": "c:@M@SDKCore@objc(cs)EKYCErrorResult"
                      }
                    ]
                  }
                ]
              }
            ],
            "declKind": "Func",
            "usr": "s:3C0615SDKC06ViewModelC05checkA06apiKey9c06Config15callbackSuccess0J5ErrorySS_7SDKCore0aI0CyAI9EKYCEventO_AI13SDKEkycResultCSgtcyAI14EKYCErrorEventO_AI0qP0CtctF",
            "mangledName": "$s3C0615SDKC06ViewModelC05checkA06apiKey9c06Config15callbackSuccess0J5ErrorySS_7SDKCore0aI0CyAI9EKYCEventO_AI13SDKEkycResultCSgtcyAI14EKYCErrorEventO_AI0qP0CtctF",
            "moduleName": "C06",
            "declAttributes": [
              "AccessControl",
              "RawDocComment"
            ],
            "funcSelfKind": "NonMutating"
          },
          {
            "kind": "Function",
            "name": "cancelRequest",
            "printedName": "cancelRequest()",
            "children": [
              {
                "kind": "TypeNominal",
                "name": "Void",
                "printedName": "()"
              }
            ],
            "declKind": "Func",
            "usr": "s:3C0615SDKC06ViewModelC13cancelRequestyyF",
            "mangledName": "$s3C0615SDKC06ViewModelC13cancelRequestyyF",
            "moduleName": "C06",
            "declAttributes": [
              "AccessControl",
              "RawDocComment"
            ],
            "funcSelfKind": "NonMutating"
          }
        ],
        "declKind": "Class",
        "usr": "s:3C0615SDKC06ViewModelC",
        "mangledName": "$s3C0615SDKC06ViewModelC",
        "moduleName": "C06",
        "declAttributes": [
          "AccessControl",
          "RawDocComment"
        ],
        "conformances": [
          {
            "kind": "Conformance",
            "name": "Copyable",
            "printedName": "Copyable",
            "usr": "s:s8CopyableP",
            "mangledName": "$ss8CopyableP"
          },
          {
            "kind": "Conformance",
            "name": "Escapable",
            "printedName": "Escapable",
            "usr": "s:s9EscapableP",
            "mangledName": "$ss9EscapableP"
          }
        ]
      },
      {
        "kind": "Import",
        "name": "Foundation",
        "printedName": "Foundation",
        "declKind": "Import",
        "moduleName": "C06",
        "declAttributes": [
          "RawDocComment"
        ]
      },
      {
        "kind": "Import",
        "name": "SDKCore",
        "printedName": "SDKCore",
        "declKind": "Import",
        "moduleName": "C06"
      },
      {
        "kind": "TypeDecl",
        "name": "SdkEkycC06",
        "printedName": "SdkEkycC06",
        "children": [
          {
            "kind": "Function",
            "name": "startEkyc",
            "printedName": "startEkyc(ekycConfigSDK:callbackSuccess:callbackError:)",
            "children": [
              {
                "kind": "TypeNominal",
                "name": "Void",
                "printedName": "()"
              },
              {
                "kind": "TypeNominal",
                "name": "EKYCConfigSDK",
                "printedName": "SDKCore.EKYCConfigSDK",
                "usr": "c:@M@SDKCore@objc(cs)EKYCConfigSDK"
              },
              {
                "kind": "TypeNominal",
                "name": "Optional",
                "printedName": "((SDKCore.EKYCEvent, SDKCore.SDKEkycResult?) -> ())?",
                "children": [
                  {
                    "kind": "TypeFunc",
                    "name": "Function",
                    "printedName": "(SDKCore.EKYCEvent, SDKCore.SDKEkycResult?) -> ()",
                    "children": [
                      {
                        "kind": "TypeNominal",
                        "name": "Void",
                        "printedName": "()"
                      },
                      {
                        "kind": "TypeNominal",
                        "name": "Tuple",
                        "printedName": "(SDKCore.EKYCEvent, SDKCore.SDKEkycResult?)",
                        "children": [
                          {
                            "kind": "TypeNominal",
                            "name": "EKYCEvent",
                            "printedName": "SDKCore.EKYCEvent",
                            "usr": "c:@M@SDKCore@E@EKYCEvent"
                          },
                          {
                            "kind": "TypeNominal",
                            "name": "Optional",
                            "printedName": "SDKCore.SDKEkycResult?",
                            "children": [
                              {
                                "kind": "TypeNominal",
                                "name": "SDKEkycResult",
                                "printedName": "SDKCore.SDKEkycResult",
                                "usr": "c:@M@SDKCore@objc(cs)SDKEkycResult"
                              }
                            ],
                            "usr": "s:Sq"
                          }
                        ]
                      }
                    ]
                  }
                ],
                "hasDefaultArg": true,
                "usr": "s:Sq"
              },
              {
                "kind": "TypeNominal",
                "name": "Optional",
                "printedName": "((SDKCore.EKYCErrorEvent, SDKCore.EKYCErrorResult) -> ())?",
                "children": [
                  {
                    "kind": "TypeFunc",
                    "name": "Function",
                    "printedName": "(SDKCore.EKYCErrorEvent, SDKCore.EKYCErrorResult) -> ()",
                    "children": [
                      {
                        "kind": "TypeNominal",
                        "name": "Void",
                        "printedName": "()"
                      },
                      {
                        "kind": "TypeNominal",
                        "name": "Tuple",
                        "printedName": "(SDKCore.EKYCErrorEvent, SDKCore.EKYCErrorResult)",
                        "children": [
                          {
                            "kind": "TypeNominal",
                            "name": "EKYCErrorEvent",
                            "printedName": "SDKCore.EKYCErrorEvent",
                            "usr": "c:@M@SDKCore@E@EKYCErrorEvent"
                          },
                          {
                            "kind": "TypeNominal",
                            "name": "EKYCErrorResult",
                            "printedName": "SDKCore.EKYCErrorResult",
                            "usr": "c:@M@SDKCore@objc(cs)EKYCErrorResult"
                          }
                        ]
                      }
                    ]
                  }
                ],
                "hasDefaultArg": true,
                "usr": "s:Sq"
              }
            ],
            "declKind": "Func",
            "usr": "c:@M@C06@objc(cs)SdkEkycC06(cm)startEkycWithEkycConfigSDK:callbackSuccess:callbackError:",
            "mangledName": "$s3C0607SdkEkycA0C05startC013ekycConfigSDK15callbackSuccess0H5Errory7SDKCore010EKYCConfigG0C_yAH9EKYCEventO_AH13SDKEkycResultCSgtcSgyAH14EKYCErrorEventO_AH0pO0CtcSgtFZ",
            "moduleName": "C06",
            "static": true,
            "objc_name": "startEkycWithEkycConfigSDK:callbackSuccess:callbackError:",
            "declAttributes": [
              "Final",
              "AccessControl",
              "ObjC",
              "RawDocComment"
            ],
            "funcSelfKind": "NonMutating"
          },
          {
            "kind": "Constructor",
            "name": "init",
            "printedName": "init()",
            "children": [
              {
                "kind": "TypeNominal",
                "name": "SdkEkycC06",
                "printedName": "C06.SdkEkycC06",
                "usr": "c:@M@C06@objc(cs)SdkEkycC06"
              }
            ],
            "declKind": "Constructor",
            "usr": "c:@M@C06@objc(cs)SdkEkycC06(im)init",
            "mangledName": "$s3C0607SdkEkycA0CACycfc",
            "moduleName": "C06",
            "overriding": true,
            "implicit": true,
            "objc_name": "init",
            "declAttributes": [
              "Dynamic",
              "ObjC",
              "Override"
            ],
            "init_kind": "Designated"
          }
        ],
        "declKind": "Class",
        "usr": "c:@M@C06@objc(cs)SdkEkycC06",
        "mangledName": "$s3C0607SdkEkycA0C",
        "moduleName": "C06",
        "declAttributes": [
          "AccessControl",
          "ObjC",
          "RawDocComment"
        ],
        "superclassUsr": "c:objc(cs)NSObject",
        "inheritsConvenienceInitializers": true,
        "superclassNames": [
          "ObjectiveC.NSObject"
        ],
        "conformances": [
          {
            "kind": "Conformance",
            "name": "Copyable",
            "printedName": "Copyable",
            "usr": "s:s8CopyableP",
            "mangledName": "$ss8CopyableP"
          },
          {
            "kind": "Conformance",
            "name": "Escapable",
            "printedName": "Escapable",
            "usr": "s:s9EscapableP",
            "mangledName": "$ss9EscapableP"
          },
          {
            "kind": "Conformance",
            "name": "Equatable",
            "printedName": "Equatable",
            "usr": "s:SQ",
            "mangledName": "$sSQ"
          },
          {
            "kind": "Conformance",
            "name": "Hashable",
            "printedName": "Hashable",
            "usr": "s:SH",
            "mangledName": "$sSH"
          },
          {
            "kind": "Conformance",
            "name": "CVarArg",
            "printedName": "CVarArg",
            "usr": "s:s7CVarArgP",
            "mangledName": "$ss7CVarArgP"
          },
          {
            "kind": "Conformance",
            "name": "_KeyValueCodingAndObservingPublishing",
            "printedName": "_KeyValueCodingAndObservingPublishing",
            "usr": "s:10Foundation37_KeyValueCodingAndObservingPublishingP",
            "mangledName": "$s10Foundation37_KeyValueCodingAndObservingPublishingP"
          },
          {
            "kind": "Conformance",
            "name": "_KeyValueCodingAndObserving",
            "printedName": "_KeyValueCodingAndObserving",
            "usr": "s:10Foundation27_KeyValueCodingAndObservingP",
            "mangledName": "$s10Foundation27_KeyValueCodingAndObservingP"
          },
          {
            "kind": "Conformance",
            "name": "CustomStringConvertible",
            "printedName": "CustomStringConvertible",
            "usr": "s:s23CustomStringConvertibleP",
            "mangledName": "$ss23CustomStringConvertibleP"
          },
          {
            "kind": "Conformance",
            "name": "CustomDebugStringConvertible",
            "printedName": "CustomDebugStringConvertible",
            "usr": "s:s28CustomDebugStringConvertibleP",
            "mangledName": "$ss28CustomDebugStringConvertibleP"
          }
        ]
      }
    ],
    "json_format_version": 8
  },
  "ConstValues": [
    {
      "filePath": "\/Volumes\/Data\/Work\/GalaxyHolding\/SDK_IOS\/EkycNativeIOS\/Modules\/C06\/Sources\/SDKC06ViewModel.swift",
      "kind": "StringLiteral",
      "offset": 606,
      "length": 5,
      "value": "\"000\""
    }
  ]
}