{
  "ABIRoot": {
    "kind": "Root",
    "name": "Ekyc",
    "printedName": "Ekyc",
    "children": [
      {
        "kind": "Import",
        "name": "Foundation",
        "printedName": "Foundation",
        "declKind": "Import",
        "moduleName": "Ekyc",
        "declAttributes": [
          "RawDocComment"
        ]
      },
      {
        "kind": "Import",
        "name": "UIKit",
        "printedName": "UIKit",
        "declKind": "Import",
        "moduleName": "Ekyc"
      },
      {
        "kind": "TypeDecl",
        "name": "SDKEkycApplication",
        "printedName": "SDKEkycApplication",
        "children": [
          {
            "kind": "Var",
            "name": "shared",
            "printedName": "shared",
            "children": [
              {
                "kind": "TypeNominal",
                "name": "SDKEkycApplication",
                "printedName": "Ekyc.SDKEkycApplication",
                "usr": "s:4Ekyc18SDKEkycApplicationC"
              }
            ],
            "declKind": "Var",
            "usr": "s:4Ekyc18SDKEkycApplicationC6sharedACvpZ",
            "mangledName": "$s4Ekyc18SDKEkycApplicationC6sharedACvpZ",
            "moduleName": "Ekyc",
            "static": true,
            "declAttributes": [
              "HasInitialValue",
              "Final",
              "HasStorage",
              "AccessControl"
            ],
            "isLet": true,
            "hasStorage": true,
            "accessors": [
              {
                "kind": "Accessor",
                "name": "Get",
                "printedName": "Get()",
                "children": [
                  {
                    "kind": "TypeNominal",
                    "name": "SDKEkycApplication",
                    "printedName": "Ekyc.SDKEkycApplication",
                    "usr": "s:4Ekyc18SDKEkycApplicationC"
                  }
                ],
                "declKind": "Accessor",
                "usr": "s:4Ekyc18SDKEkycApplicationC6sharedACvgZ",
                "mangledName": "$s4Ekyc18SDKEkycApplicationC6sharedACvgZ",
                "moduleName": "Ekyc",
                "static": true,
                "implicit": true,
                "declAttributes": [
                  "Final"
                ],
                "accessorKind": "get"
              }
            ]
          },
          {
            "kind": "Var",
            "name": "appModules",
            "printedName": "appModules",
            "children": [
              {
                "kind": "TypeNominal",
                "name": "Optional",
                "printedName": "[Any]?",
                "children": [
                  {
                    "kind": "TypeNominal",
                    "name": "Array",
                    "printedName": "[Any]",
                    "children": [
                      {
                        "kind": "TypeNominal",
                        "name": "ProtocolComposition",
                        "printedName": "Any"
                      }
                    ],
                    "usr": "s:Sa"
                  }
                ],
                "usr": "s:Sq"
              }
            ],
            "declKind": "Var",
            "usr": "s:4Ekyc18SDKEkycApplicationC10appModulesSayypGSgvp",
            "mangledName": "$s4Ekyc18SDKEkycApplicationC10appModulesSayypGSgvp",
            "moduleName": "Ekyc",
            "isOpen": true,
            "declAttributes": [
              "AccessControl",
              "RawDocComment"
            ],
            "accessors": [
              {
                "kind": "Accessor",
                "name": "Get",
                "printedName": "Get()",
                "children": [
                  {
                    "kind": "TypeNominal",
                    "name": "Optional",
                    "printedName": "[Any]?",
                    "children": [
                      {
                        "kind": "TypeNominal",
                        "name": "Array",
                        "printedName": "[Any]",
                        "children": [
                          {
                            "kind": "TypeNominal",
                            "name": "ProtocolComposition",
                            "printedName": "Any"
                          }
                        ],
                        "usr": "s:Sa"
                      }
                    ],
                    "usr": "s:Sq"
                  }
                ],
                "declKind": "Accessor",
                "usr": "s:4Ekyc18SDKEkycApplicationC10appModulesSayypGSgvg",
                "mangledName": "$s4Ekyc18SDKEkycApplicationC10appModulesSayypGSgvg",
                "moduleName": "Ekyc",
                "isOpen": true,
                "accessorKind": "get"
              }
            ]
          },
          {
            "kind": "Function",
            "name": "initialize",
            "printedName": "initialize()",
            "children": [
              {
                "kind": "TypeNominal",
                "name": "Void",
                "printedName": "()"
              }
            ],
            "declKind": "Func",
            "usr": "s:4Ekyc18SDKEkycApplicationC10initializeyyF",
            "mangledName": "$s4Ekyc18SDKEkycApplicationC10initializeyyF",
            "moduleName": "Ekyc",
            "declAttributes": [
              "AccessControl",
              "RawDocComment"
            ],
            "funcSelfKind": "NonMutating"
          },
          {
            "kind": "Function",
            "name": "onInitSDKSuccess",
            "printedName": "onInitSDKSuccess()",
            "children": [
              {
                "kind": "TypeNominal",
                "name": "Void",
                "printedName": "()"
              }
            ],
            "declKind": "Func",
            "usr": "s:4Ekyc18SDKEkycApplicationC16onInitSDKSuccessyyF",
            "mangledName": "$s4Ekyc18SDKEkycApplicationC16onInitSDKSuccessyyF",
            "moduleName": "Ekyc",
            "isOpen": true,
            "declAttributes": [
              "AccessControl",
              "RawDocComment"
            ],
            "funcSelfKind": "NonMutating"
          },
          {
            "kind": "Function",
            "name": "reset",
            "printedName": "reset()",
            "children": [
              {
                "kind": "TypeNominal",
                "name": "Void",
                "printedName": "()"
              }
            ],
            "declKind": "Func",
            "usr": "s:4Ekyc18SDKEkycApplicationC5resetyyF",
            "mangledName": "$s4Ekyc18SDKEkycApplicationC5resetyyF",
            "moduleName": "Ekyc",
            "declAttributes": [
              "AccessControl",
              "RawDocComment"
            ],
            "funcSelfKind": "NonMutating"
          }
        ],
        "declKind": "Class",
        "usr": "s:4Ekyc18SDKEkycApplicationC",
        "mangledName": "$s4Ekyc18SDKEkycApplicationC",
        "moduleName": "Ekyc",
        "isOpen": true,
        "declAttributes": [
          "AccessControl",
          "RawDocComment"
        ],
        "hasMissingDesignatedInitializers": true,
        "conformances": [
          {
            "kind": "Conformance",
            "name": "Copyable",
            "printedName": "Copyable",
            "usr": "s:s8CopyableP",
            "mangledName": "$ss8CopyableP"
          },
          {
            "kind": "Conformance",
            "name": "Escapable",
            "printedName": "Escapable",
            "usr": "s:s9EscapableP",
            "mangledName": "$ss9EscapableP"
          }
        ]
      },
      {
        "kind": "Import",
        "name": "Foundation",
        "printedName": "Foundation",
        "declKind": "Import",
        "moduleName": "Ekyc",
        "declAttributes": [
          "RawDocComment"
        ]
      },
      {
        "kind": "TypeDecl",
        "name": "SDKEkycInit",
        "printedName": "SDKEkycInit",
        "children": [
          {
            "kind": "Var",
            "name": "shared",
            "printedName": "shared",
            "children": [
              {
                "kind": "TypeNominal",
                "name": "SDKEkycInit",
                "printedName": "Ekyc.SDKEkycInit",
                "usr": "s:4Ekyc11SDKEkycInitC"
              }
            ],
            "declKind": "Var",
            "usr": "s:4Ekyc11SDKEkycInitC6sharedACvpZ",
            "mangledName": "$s4Ekyc11SDKEkycInitC6sharedACvpZ",
            "moduleName": "Ekyc",
            "static": true,
            "declAttributes": [
              "HasInitialValue",
              "Final",
              "HasStorage",
              "AccessControl"
            ],
            "isLet": true,
            "hasStorage": true,
            "accessors": [
              {
                "kind": "Accessor",
                "name": "Get",
                "printedName": "Get()",
                "children": [
                  {
                    "kind": "TypeNominal",
                    "name": "SDKEkycInit",
                    "printedName": "Ekyc.SDKEkycInit",
                    "usr": "s:4Ekyc11SDKEkycInitC"
                  }
                ],
                "declKind": "Accessor",
                "usr": "s:4Ekyc11SDKEkycInitC6sharedACvgZ",
                "mangledName": "$s4Ekyc11SDKEkycInitC6sharedACvgZ",
                "moduleName": "Ekyc",
                "static": true,
                "implicit": true,
                "declAttributes": [
                  "Final"
                ],
                "accessorKind": "get"
              }
            ]
          },
          {
            "kind": "Function",
            "name": "load",
            "printedName": "load(callback:)",
            "children": [
              {
                "kind": "TypeNominal",
                "name": "Void",
                "printedName": "()"
              },
              {
                "kind": "TypeFunc",
                "name": "Function",
                "printedName": "() -> ()",
                "children": [
                  {
                    "kind": "TypeNominal",
                    "name": "Void",
                    "printedName": "()"
                  },
                  {
                    "kind": "TypeNominal",
                    "name": "Void",
                    "printedName": "()"
                  }
                ]
              }
            ],
            "declKind": "Func",
            "usr": "s:4Ekyc11SDKEkycInitC4load8callbackyyyc_tF",
            "mangledName": "$s4Ekyc11SDKEkycInitC4load8callbackyyyc_tF",
            "moduleName": "Ekyc",
            "declAttributes": [
              "AccessControl",
              "RawDocComment"
            ],
            "funcSelfKind": "NonMutating"
          },
          {
            "kind": "Function",
            "name": "getMainViewModel",
            "printedName": "getMainViewModel()",
            "children": [
              {
                "kind": "TypeNominal",
                "name": "SDKMainViewModel",
                "printedName": "Ekyc.SDKMainViewModel",
                "usr": "s:4Ekyc16SDKMainViewModelC"
              }
            ],
            "declKind": "Func",
            "usr": "s:4Ekyc11SDKEkycInitC16getMainViewModelAA07SDKMainfG0CyF",
            "mangledName": "$s4Ekyc11SDKEkycInitC16getMainViewModelAA07SDKMainfG0CyF",
            "moduleName": "Ekyc",
            "declAttributes": [
              "AccessControl",
              "RawDocComment"
            ],
            "funcSelfKind": "NonMutating"
          },
          {
            "kind": "Function",
            "name": "reset",
            "printedName": "reset()",
            "children": [
              {
                "kind": "TypeNominal",
                "name": "Void",
                "printedName": "()"
              }
            ],
            "declKind": "Func",
            "usr": "s:4Ekyc11SDKEkycInitC5resetyyF",
            "mangledName": "$s4Ekyc11SDKEkycInitC5resetyyF",
            "moduleName": "Ekyc",
            "declAttributes": [
              "AccessControl",
              "RawDocComment"
            ],
            "funcSelfKind": "NonMutating"
          }
        ],
        "declKind": "Class",
        "usr": "s:4Ekyc11SDKEkycInitC",
        "mangledName": "$s4Ekyc11SDKEkycInitC",
        "moduleName": "Ekyc",
        "declAttributes": [
          "AccessControl",
          "RawDocComment"
        ],
        "hasMissingDesignatedInitializers": true,
        "conformances": [
          {
            "kind": "Conformance",
            "name": "Copyable",
            "printedName": "Copyable",
            "usr": "s:s8CopyableP",
            "mangledName": "$ss8CopyableP"
          },
          {
            "kind": "Conformance",
            "name": "Escapable",
            "printedName": "Escapable",
            "usr": "s:s9EscapableP",
            "mangledName": "$ss9EscapableP"
          }
        ]
      },
      {
        "kind": "Import",
        "name": "Foundation",
        "printedName": "Foundation",
        "declKind": "Import",
        "moduleName": "Ekyc",
        "declAttributes": [
          "RawDocComment"
        ]
      },
      {
        "kind": "Import",
        "name": "UIKit",
        "printedName": "UIKit",
        "declKind": "Import",
        "moduleName": "Ekyc"
      },
      {
        "kind": "Import",
        "name": "SDKCore",
        "printedName": "SDKCore",
        "declKind": "Import",
        "moduleName": "Ekyc"
      },
      {
        "kind": "TypeDecl",
        "name": "SDKMainViewModel",
        "printedName": "SDKMainViewModel",
        "children": [
          {
            "kind": "Constructor",
            "name": "init",
            "printedName": "init()",
            "children": [
              {
                "kind": "TypeNominal",
                "name": "SDKMainViewModel",
                "printedName": "Ekyc.SDKMainViewModel",
                "usr": "s:4Ekyc16SDKMainViewModelC"
              }
            ],
            "declKind": "Constructor",
            "usr": "s:4Ekyc16SDKMainViewModelCACycfc",
            "mangledName": "$s4Ekyc16SDKMainViewModelCACycfc",
            "moduleName": "Ekyc",
            "declAttributes": [
              "AccessControl"
            ],
            "init_kind": "Designated"
          },
          {
            "kind": "Function",
            "name": "checkSDKEkyc",
            "printedName": "checkSDKEkyc(ekycConfigSDK:callback:)",
            "children": [
              {
                "kind": "TypeNominal",
                "name": "Void",
                "printedName": "()"
              },
              {
                "kind": "TypeNominal",
                "name": "EKYCConfigSDK",
                "printedName": "SDKCore.EKYCConfigSDK",
                "usr": "c:@M@SDKCore@objc(cs)EKYCConfigSDK"
              },
              {
                "kind": "TypeFunc",
                "name": "Function",
                "printedName": "(Swift.Bool, Any?) -> ()",
                "children": [
                  {
                    "kind": "TypeNominal",
                    "name": "Void",
                    "printedName": "()"
                  },
                  {
                    "kind": "TypeNominal",
                    "name": "Tuple",
                    "printedName": "(Swift.Bool, Any?)",
                    "children": [
                      {
                        "kind": "TypeNominal",
                        "name": "Bool",
                        "printedName": "Swift.Bool",
                        "usr": "s:Sb"
                      },
                      {
                        "kind": "TypeNominal",
                        "name": "Optional",
                        "printedName": "Any?",
                        "children": [
                          {
                            "kind": "TypeNominal",
                            "name": "ProtocolComposition",
                            "printedName": "Any"
                          }
                        ],
                        "usr": "s:Sq"
                      }
                    ]
                  }
                ]
              }
            ],
            "declKind": "Func",
            "usr": "s:4Ekyc16SDKMainViewModelC12checkSDKEkyc13ekycConfigSDK8callbacky7SDKCore010EKYCConfigI0C_ySb_ypSgtctF",
            "mangledName": "$s4Ekyc16SDKMainViewModelC12checkSDKEkyc13ekycConfigSDK8callbacky7SDKCore010EKYCConfigI0C_ySb_ypSgtctF",
            "moduleName": "Ekyc",
            "declAttributes": [
              "AccessControl",
              "RawDocComment"
            ],
            "funcSelfKind": "NonMutating"
          },
          {
            "kind": "Function",
            "name": "getLatestTransactionsHistoryDetail",
            "printedName": "getLatestTransactionsHistoryDetail(transactionId:callback:)",
            "children": [
              {
                "kind": "TypeNominal",
                "name": "Void",
                "printedName": "()"
              },
              {
                "kind": "TypeNominal",
                "name": "String",
                "printedName": "Swift.String",
                "usr": "s:SS"
              },
              {
                "kind": "TypeFunc",
                "name": "Function",
                "printedName": "(Swift.Bool, Any?) -> ()",
                "children": [
                  {
                    "kind": "TypeNominal",
                    "name": "Void",
                    "printedName": "()"
                  },
                  {
                    "kind": "TypeNominal",
                    "name": "Tuple",
                    "printedName": "(Swift.Bool, Any?)",
                    "children": [
                      {
                        "kind": "TypeNominal",
                        "name": "Bool",
                        "printedName": "Swift.Bool",
                        "usr": "s:Sb"
                      },
                      {
                        "kind": "TypeNominal",
                        "name": "Optional",
                        "printedName": "Any?",
                        "children": [
                          {
                            "kind": "TypeNominal",
                            "name": "ProtocolComposition",
                            "printedName": "Any"
                          }
                        ],
                        "usr": "s:Sq"
                      }
                    ]
                  }
                ]
              }
            ],
            "declKind": "Func",
            "usr": "s:4Ekyc16SDKMainViewModelC34getLatestTransactionsHistoryDetail13transactionId8callbackySS_ySb_ypSgtctF",
            "mangledName": "$s4Ekyc16SDKMainViewModelC34getLatestTransactionsHistoryDetail13transactionId8callbackySS_ySb_ypSgtctF",
            "moduleName": "Ekyc",
            "declAttributes": [
              "AccessControl",
              "RawDocComment"
            ],
            "funcSelfKind": "NonMutating"
          },
          {
            "kind": "Function",
            "name": "getEkycImageResult",
            "printedName": "getEkycImageResult(transactionId:callback:)",
            "children": [
              {
                "kind": "TypeNominal",
                "name": "Void",
                "printedName": "()"
              },
              {
                "kind": "TypeNominal",
                "name": "String",
                "printedName": "Swift.String",
                "usr": "s:SS"
              },
              {
                "kind": "TypeFunc",
                "name": "Function",
                "printedName": "(Swift.Bool, Any?) -> ()",
                "children": [
                  {
                    "kind": "TypeNominal",
                    "name": "Void",
                    "printedName": "()"
                  },
                  {
                    "kind": "TypeNominal",
                    "name": "Tuple",
                    "printedName": "(Swift.Bool, Any?)",
                    "children": [
                      {
                        "kind": "TypeNominal",
                        "name": "Bool",
                        "printedName": "Swift.Bool",
                        "usr": "s:Sb"
                      },
                      {
                        "kind": "TypeNominal",
                        "name": "Optional",
                        "printedName": "Any?",
                        "children": [
                          {
                            "kind": "TypeNominal",
                            "name": "ProtocolComposition",
                            "printedName": "Any"
                          }
                        ],
                        "usr": "s:Sq"
                      }
                    ]
                  }
                ]
              }
            ],
            "declKind": "Func",
            "usr": "s:4Ekyc16SDKMainViewModelC03getA11ImageResult13transactionId8callbackySS_ySb_ypSgtctF",
            "mangledName": "$s4Ekyc16SDKMainViewModelC03getA11ImageResult13transactionId8callbackySS_ySb_ypSgtctF",
            "moduleName": "Ekyc",
            "declAttributes": [
              "AccessControl",
              "RawDocComment"
            ],
            "funcSelfKind": "NonMutating"
          },
          {
            "kind": "Function",
            "name": "cancelRequests",
            "printedName": "cancelRequests()",
            "children": [
              {
                "kind": "TypeNominal",
                "name": "Void",
                "printedName": "()"
              }
            ],
            "declKind": "Func",
            "usr": "s:4Ekyc16SDKMainViewModelC14cancelRequestsyyF",
            "mangledName": "$s4Ekyc16SDKMainViewModelC14cancelRequestsyyF",
            "moduleName": "Ekyc",
            "declAttributes": [
              "AccessControl",
              "RawDocComment"
            ],
            "funcSelfKind": "NonMutating"
          }
        ],
        "declKind": "Class",
        "usr": "s:4Ekyc16SDKMainViewModelC",
        "mangledName": "$s4Ekyc16SDKMainViewModelC",
        "moduleName": "Ekyc",
        "declAttributes": [
          "AccessControl",
          "RawDocComment"
        ],
        "conformances": [
          {
            "kind": "Conformance",
            "name": "Copyable",
            "printedName": "Copyable",
            "usr": "s:s8CopyableP",
            "mangledName": "$ss8CopyableP"
          },
          {
            "kind": "Conformance",
            "name": "Escapable",
            "printedName": "Escapable",
            "usr": "s:s9EscapableP",
            "mangledName": "$ss9EscapableP"
          }
        ]
      },
      {
        "kind": "Import",
        "name": "Foundation",
        "printedName": "Foundation",
        "declKind": "Import",
        "moduleName": "Ekyc",
        "declAttributes": [
          "RawDocComment"
        ]
      },
      {
        "kind": "Import",
        "name": "UIKit",
        "printedName": "UIKit",
        "declKind": "Import",
        "moduleName": "Ekyc"
      },
      {
        "kind": "Import",
        "name": "SDKCore",
        "printedName": "SDKCore",
        "declKind": "Import",
        "moduleName": "Ekyc"
      },
      {
        "kind": "Import",
        "name": "Ocr",
        "printedName": "Ocr",
        "declKind": "Import",
        "moduleName": "Ekyc"
      },
      {
        "kind": "Import",
        "name": "Nfc",
        "printedName": "Nfc",
        "declKind": "Import",
        "moduleName": "Ekyc"
      },
      {
        "kind": "Import",
        "name": "Liveness",
        "printedName": "Liveness",
        "declKind": "Import",
        "moduleName": "Ekyc"
      },
      {
        "kind": "Import",
        "name": "FaceService",
        "printedName": "FaceService",
        "declKind": "Import",
        "moduleName": "Ekyc"
      },
      {
        "kind": "Import",
        "name": "C06",
        "printedName": "C06",
        "declKind": "Import",
        "moduleName": "Ekyc"
      },
      {
        "kind": "TypeDecl",
        "name": "SdkEkyc",
        "printedName": "SdkEkyc",
        "children": [
          {
            "kind": "Function",
            "name": "initSDKEkyc",
            "printedName": "initSDKEkyc(completion:)",
            "children": [
              {
                "kind": "TypeNominal",
                "name": "Void",
                "printedName": "()"
              },
              {
                "kind": "TypeFunc",
                "name": "Function",
                "printedName": "() -> ()",
                "children": [
                  {
                    "kind": "TypeNominal",
                    "name": "Void",
                    "printedName": "()"
                  },
                  {
                    "kind": "TypeNominal",
                    "name": "Void",
                    "printedName": "()"
                  }
                ]
              }
            ],
            "declKind": "Func",
            "usr": "c:@M@Ekyc@objc(cs)SdkEkyc(cm)initSDKEkycWithCompletion:",
            "mangledName": "$s4Ekyc03SdkA0C11initSDKEkyc10completionyyyc_tFZ",
            "moduleName": "Ekyc",
            "static": true,
            "objc_name": "initSDKEkycWithCompletion:",
            "declAttributes": [
              "Final",
              "AccessControl",
              "ObjC",
              "RawDocComment"
            ],
            "funcSelfKind": "NonMutating"
          },
          {
            "kind": "Function",
            "name": "startEkyc",
            "printedName": "startEkyc(ekycConfigSDK:callbackSuccess:callbackError:viewController:)",
            "children": [
              {
                "kind": "TypeNominal",
                "name": "Void",
                "printedName": "()"
              },
              {
                "kind": "TypeNominal",
                "name": "EKYCConfigSDK",
                "printedName": "SDKCore.EKYCConfigSDK",
                "usr": "c:@M@SDKCore@objc(cs)EKYCConfigSDK"
              },
              {
                "kind": "TypeFunc",
                "name": "Function",
                "printedName": "(SDKCore.EKYCEvent, [Swift.String : Any]?) -> ()",
                "children": [
                  {
                    "kind": "TypeNominal",
                    "name": "Void",
                    "printedName": "()"
                  },
                  {
                    "kind": "TypeNominal",
                    "name": "Tuple",
                    "printedName": "(SDKCore.EKYCEvent, [Swift.String : Any]?)",
                    "children": [
                      {
                        "kind": "TypeNominal",
                        "name": "EKYCEvent",
                        "printedName": "SDKCore.EKYCEvent",
                        "usr": "c:@M@SDKCore@E@EKYCEvent"
                      },
                      {
                        "kind": "TypeNominal",
                        "name": "Optional",
                        "printedName": "[Swift.String : Any]?",
                        "children": [
                          {
                            "kind": "TypeNominal",
                            "name": "Dictionary",
                            "printedName": "[Swift.String : Any]",
                            "children": [
                              {
                                "kind": "TypeNominal",
                                "name": "String",
                                "printedName": "Swift.String",
                                "usr": "s:SS"
                              },
                              {
                                "kind": "TypeNominal",
                                "name": "ProtocolComposition",
                                "printedName": "Any"
                              }
                            ],
                            "usr": "s:SD"
                          }
                        ],
                        "usr": "s:Sq"
                      }
                    ]
                  }
                ]
              },
              {
                "kind": "TypeFunc",
                "name": "Function",
                "printedName": "(SDKCore.EKYCErrorEvent, SDKCore.EKYCErrorResult) -> ()",
                "children": [
                  {
                    "kind": "TypeNominal",
                    "name": "Void",
                    "printedName": "()"
                  },
                  {
                    "kind": "TypeNominal",
                    "name": "Tuple",
                    "printedName": "(SDKCore.EKYCErrorEvent, SDKCore.EKYCErrorResult)",
                    "children": [
                      {
                        "kind": "TypeNominal",
                        "name": "EKYCErrorEvent",
                        "printedName": "SDKCore.EKYCErrorEvent",
                        "usr": "c:@M@SDKCore@E@EKYCErrorEvent"
                      },
                      {
                        "kind": "TypeNominal",
                        "name": "EKYCErrorResult",
                        "printedName": "SDKCore.EKYCErrorResult",
                        "usr": "c:@M@SDKCore@objc(cs)EKYCErrorResult"
                      }
                    ]
                  }
                ]
              },
              {
                "kind": "TypeNominal",
                "name": "Optional",
                "printedName": "UIKit.UIViewController?",
                "children": [
                  {
                    "kind": "TypeNominal",
                    "name": "UIViewController",
                    "printedName": "UIKit.UIViewController",
                    "usr": "c:objc(cs)UIViewController"
                  }
                ],
                "hasDefaultArg": true,
                "usr": "s:Sq"
              }
            ],
            "declKind": "Func",
            "usr": "c:@M@Ekyc@objc(cs)SdkEkyc(cm)startEkycWithEkycConfigSDK:callbackSuccess:callbackError:viewController:",
            "mangledName": "$s4Ekyc03SdkA0C05startA013ekycConfigSDK15callbackSuccess0G5Error14viewControllery7SDKCore010EKYCConfigF0C_yAI9EKYCEventO_SDySSypGSgtcyAI14EKYCErrorEventO_AI0O6ResultCtcSo06UIViewK0CSgtFZ",
            "moduleName": "Ekyc",
            "static": true,
            "objc_name": "startEkycWithEkycConfigSDK:callbackSuccess:callbackError:viewController:",
            "declAttributes": [
              "Final",
              "AccessControl",
              "ObjC",
              "RawDocComment"
            ],
            "funcSelfKind": "NonMutating"
          },
          {
            "kind": "Function",
            "name": "getLatestTransactionsHistoryDetail",
            "printedName": "getLatestTransactionsHistoryDetail(transactionId:callbackSuccess:callbackError:)",
            "children": [
              {
                "kind": "TypeNominal",
                "name": "Void",
                "printedName": "()"
              },
              {
                "kind": "TypeNominal",
                "name": "Optional",
                "printedName": "Swift.String?",
                "children": [
                  {
                    "kind": "TypeNominal",
                    "name": "String",
                    "printedName": "Swift.String",
                    "usr": "s:SS"
                  }
                ],
                "hasDefaultArg": true,
                "usr": "s:Sq"
              },
              {
                "kind": "TypeFunc",
                "name": "Function",
                "printedName": "(SDKCore.EKYCEvent, [Swift.String : Any]?) -> ()",
                "children": [
                  {
                    "kind": "TypeNominal",
                    "name": "Void",
                    "printedName": "()"
                  },
                  {
                    "kind": "TypeNominal",
                    "name": "Tuple",
                    "printedName": "(SDKCore.EKYCEvent, [Swift.String : Any]?)",
                    "children": [
                      {
                        "kind": "TypeNominal",
                        "name": "EKYCEvent",
                        "printedName": "SDKCore.EKYCEvent",
                        "usr": "c:@M@SDKCore@E@EKYCEvent"
                      },
                      {
                        "kind": "TypeNominal",
                        "name": "Optional",
                        "printedName": "[Swift.String : Any]?",
                        "children": [
                          {
                            "kind": "TypeNominal",
                            "name": "Dictionary",
                            "printedName": "[Swift.String : Any]",
                            "children": [
                              {
                                "kind": "TypeNominal",
                                "name": "String",
                                "printedName": "Swift.String",
                                "usr": "s:SS"
                              },
                              {
                                "kind": "TypeNominal",
                                "name": "ProtocolComposition",
                                "printedName": "Any"
                              }
                            ],
                            "usr": "s:SD"
                          }
                        ],
                        "usr": "s:Sq"
                      }
                    ]
                  }
                ]
              },
              {
                "kind": "TypeFunc",
                "name": "Function",
                "printedName": "(SDKCore.EKYCErrorEvent, SDKCore.EKYCErrorResult) -> ()",
                "children": [
                  {
                    "kind": "TypeNominal",
                    "name": "Void",
                    "printedName": "()"
                  },
                  {
                    "kind": "TypeNominal",
                    "name": "Tuple",
                    "printedName": "(SDKCore.EKYCErrorEvent, SDKCore.EKYCErrorResult)",
                    "children": [
                      {
                        "kind": "TypeNominal",
                        "name": "EKYCErrorEvent",
                        "printedName": "SDKCore.EKYCErrorEvent",
                        "usr": "c:@M@SDKCore@E@EKYCErrorEvent"
                      },
                      {
                        "kind": "TypeNominal",
                        "name": "EKYCErrorResult",
                        "printedName": "SDKCore.EKYCErrorResult",
                        "usr": "c:@M@SDKCore@objc(cs)EKYCErrorResult"
                      }
                    ]
                  }
                ]
              }
            ],
            "declKind": "Func",
            "usr": "c:@M@Ekyc@objc(cs)SdkEkyc(cm)getLatestTransactionsHistoryDetailWithTransactionId:callbackSuccess:callbackError:",
            "mangledName": "$s4Ekyc03SdkA0C34getLatestTransactionsHistoryDetail13transactionId15callbackSuccess0J5ErrorySSSg_y7SDKCore9EKYCEventO_SDySSypGSgtcyAI14EKYCErrorEventO_AI0O6ResultCtctFZ",
            "moduleName": "Ekyc",
            "static": true,
            "objc_name": "getLatestTransactionsHistoryDetailWithTransactionId:callbackSuccess:callbackError:",
            "declAttributes": [
              "Final",
              "AccessControl",
              "ObjC",
              "RawDocComment"
            ],
            "funcSelfKind": "NonMutating"
          },
          {
            "kind": "Function",
            "name": "getEkycImageResult",
            "printedName": "getEkycImageResult(transactionId:callbackSuccess:callbackError:)",
            "children": [
              {
                "kind": "TypeNominal",
                "name": "Void",
                "printedName": "()"
              },
              {
                "kind": "TypeNominal",
                "name": "Optional",
                "printedName": "Swift.String?",
                "children": [
                  {
                    "kind": "TypeNominal",
                    "name": "String",
                    "printedName": "Swift.String",
                    "usr": "s:SS"
                  }
                ],
                "hasDefaultArg": true,
                "usr": "s:Sq"
              },
              {
                "kind": "TypeFunc",
                "name": "Function",
                "printedName": "(SDKCore.EKYCEvent, [[Swift.String : Swift.String]]?) -> ()",
                "children": [
                  {
                    "kind": "TypeNominal",
                    "name": "Void",
                    "printedName": "()"
                  },
                  {
                    "kind": "TypeNominal",
                    "name": "Tuple",
                    "printedName": "(SDKCore.EKYCEvent, [[Swift.String : Swift.String]]?)",
                    "children": [
                      {
                        "kind": "TypeNominal",
                        "name": "EKYCEvent",
                        "printedName": "SDKCore.EKYCEvent",
                        "usr": "c:@M@SDKCore@E@EKYCEvent"
                      },
                      {
                        "kind": "TypeNominal",
                        "name": "Optional",
                        "printedName": "[[Swift.String : Swift.String]]?",
                        "children": [
                          {
                            "kind": "TypeNominal",
                            "name": "Array",
                            "printedName": "[[Swift.String : Swift.String]]",
                            "children": [
                              {
                                "kind": "TypeNominal",
                                "name": "Dictionary",
                                "printedName": "[Swift.String : Swift.String]",
                                "children": [
                                  {
                                    "kind": "TypeNominal",
                                    "name": "String",
                                    "printedName": "Swift.String",
                                    "usr": "s:SS"
                                  },
                                  {
                                    "kind": "TypeNominal",
                                    "name": "String",
                                    "printedName": "Swift.String",
                                    "usr": "s:SS"
                                  }
                                ],
                                "usr": "s:SD"
                              }
                            ],
                            "usr": "s:Sa"
                          }
                        ],
                        "usr": "s:Sq"
                      }
                    ]
                  }
                ]
              },
              {
                "kind": "TypeFunc",
                "name": "Function",
                "printedName": "(SDKCore.EKYCErrorEvent, SDKCore.EKYCErrorResult) -> ()",
                "children": [
                  {
                    "kind": "TypeNominal",
                    "name": "Void",
                    "printedName": "()"
                  },
                  {
                    "kind": "TypeNominal",
                    "name": "Tuple",
                    "printedName": "(SDKCore.EKYCErrorEvent, SDKCore.EKYCErrorResult)",
                    "children": [
                      {
                        "kind": "TypeNominal",
                        "name": "EKYCErrorEvent",
                        "printedName": "SDKCore.EKYCErrorEvent",
                        "usr": "c:@M@SDKCore@E@EKYCErrorEvent"
                      },
                      {
                        "kind": "TypeNominal",
                        "name": "EKYCErrorResult",
                        "printedName": "SDKCore.EKYCErrorResult",
                        "usr": "c:@M@SDKCore@objc(cs)EKYCErrorResult"
                      }
                    ]
                  }
                ]
              }
            ],
            "declKind": "Func",
            "usr": "c:@M@Ekyc@objc(cs)SdkEkyc(cm)getEkycImageResultWithTransactionId:callbackSuccess:callbackError:",
            "mangledName": "$s4Ekyc03SdkA0C03getA11ImageResult13transactionId15callbackSuccess0H5ErrorySSSg_y7SDKCore9EKYCEventO_SaySDyS2SGGSgtcyAI14EKYCErrorEventO_AI0mE0CtctFZ",
            "moduleName": "Ekyc",
            "static": true,
            "objc_name": "getEkycImageResultWithTransactionId:callbackSuccess:callbackError:",
            "declAttributes": [
              "Final",
              "AccessControl",
              "ObjC",
              "RawDocComment"
            ],
            "funcSelfKind": "NonMutating"
          },
          {
            "kind": "Function",
            "name": "getEkycImageResult",
            "printedName": "getEkycImageResult(transactionId:callbackSuccess:callbackError:)",
            "children": [
              {
                "kind": "TypeNominal",
                "name": "Void",
                "printedName": "()"
              },
              {
                "kind": "TypeNominal",
                "name": "Optional",
                "printedName": "Swift.String?",
                "children": [
                  {
                    "kind": "TypeNominal",
                    "name": "String",
                    "printedName": "Swift.String",
                    "usr": "s:SS"
                  }
                ],
                "hasDefaultArg": true,
                "usr": "s:Sq"
              },
              {
                "kind": "TypeFunc",
                "name": "Function",
                "printedName": "(SDKCore.EKYCEvent, [SDKCore.SDKImageResultModel]?) -> ()",
                "children": [
                  {
                    "kind": "TypeNominal",
                    "name": "Void",
                    "printedName": "()"
                  },
                  {
                    "kind": "TypeNominal",
                    "name": "Tuple",
                    "printedName": "(SDKCore.EKYCEvent, [SDKCore.SDKImageResultModel]?)",
                    "children": [
                      {
                        "kind": "TypeNominal",
                        "name": "EKYCEvent",
                        "printedName": "SDKCore.EKYCEvent",
                        "usr": "c:@M@SDKCore@E@EKYCEvent"
                      },
                      {
                        "kind": "TypeNominal",
                        "name": "Optional",
                        "printedName": "[SDKCore.SDKImageResultModel]?",
                        "children": [
                          {
                            "kind": "TypeNominal",
                            "name": "Array",
                            "printedName": "[SDKCore.SDKImageResultModel]",
                            "children": [
                              {
                                "kind": "TypeNominal",
                                "name": "SDKImageResultModel",
                                "printedName": "SDKCore.SDKImageResultModel",
                                "usr": "c:@M@SDKCore@objc(cs)SDKImageResultModel"
                              }
                            ],
                            "usr": "s:Sa"
                          }
                        ],
                        "usr": "s:Sq"
                      }
                    ]
                  }
                ]
              },
              {
                "kind": "TypeFunc",
                "name": "Function",
                "printedName": "(SDKCore.EKYCErrorEvent, SDKCore.EKYCErrorResult) -> ()",
                "children": [
                  {
                    "kind": "TypeNominal",
                    "name": "Void",
                    "printedName": "()"
                  },
                  {
                    "kind": "TypeNominal",
                    "name": "Tuple",
                    "printedName": "(SDKCore.EKYCErrorEvent, SDKCore.EKYCErrorResult)",
                    "children": [
                      {
                        "kind": "TypeNominal",
                        "name": "EKYCErrorEvent",
                        "printedName": "SDKCore.EKYCErrorEvent",
                        "usr": "c:@M@SDKCore@E@EKYCErrorEvent"
                      },
                      {
                        "kind": "TypeNominal",
                        "name": "EKYCErrorResult",
                        "printedName": "SDKCore.EKYCErrorResult",
                        "usr": "c:@M@SDKCore@objc(cs)EKYCErrorResult"
                      }
                    ]
                  }
                ]
              }
            ],
            "declKind": "Func",
            "usr": "s:4Ekyc03SdkA0C03getA11ImageResult13transactionId15callbackSuccess0H5ErrorySSSg_y7SDKCore9EKYCEventO_SayAI08SDKImageE5ModelCGSgtcyAI14EKYCErrorEventO_AI0oE0CtctFZ",
            "mangledName": "$s4Ekyc03SdkA0C03getA11ImageResult13transactionId15callbackSuccess0H5ErrorySSSg_y7SDKCore9EKYCEventO_SayAI08SDKImageE5ModelCGSgtcyAI14EKYCErrorEventO_AI0oE0CtctFZ",
            "moduleName": "Ekyc",
            "static": true,
            "declAttributes": [
              "Final",
              "AccessControl",
              "RawDocComment"
            ],
            "funcSelfKind": "NonMutating"
          },
          {
            "kind": "Function",
            "name": "onNewIntentNfc",
            "printedName": "onNewIntentNfc()",
            "children": [
              {
                "kind": "TypeNominal",
                "name": "Void",
                "printedName": "()"
              }
            ],
            "declKind": "Func",
            "usr": "c:@M@Ekyc@objc(cs)SdkEkyc(cm)onNewIntentNfc",
            "mangledName": "$s4Ekyc03SdkA0C14onNewIntentNfcyyFZ",
            "moduleName": "Ekyc",
            "static": true,
            "declAttributes": [
              "Final",
              "AccessControl",
              "ObjC",
              "RawDocComment"
            ],
            "funcSelfKind": "NonMutating"
          },
          {
            "kind": "Function",
            "name": "onResumeNfc",
            "printedName": "onResumeNfc(_:)",
            "children": [
              {
                "kind": "TypeNominal",
                "name": "Void",
                "printedName": "()"
              },
              {
                "kind": "TypeNominal",
                "name": "UIViewController",
                "printedName": "UIKit.UIViewController",
                "usr": "c:objc(cs)UIViewController"
              }
            ],
            "declKind": "Func",
            "usr": "c:@M@Ekyc@objc(cs)SdkEkyc(cm)onResumeNfc:",
            "mangledName": "$s4Ekyc03SdkA0C11onResumeNfcyySo16UIViewControllerCFZ",
            "moduleName": "Ekyc",
            "static": true,
            "declAttributes": [
              "Final",
              "AccessControl",
              "ObjC",
              "RawDocComment"
            ],
            "funcSelfKind": "NonMutating"
          },
          {
            "kind": "Function",
            "name": "onPauseNfc",
            "printedName": "onPauseNfc(_:)",
            "children": [
              {
                "kind": "TypeNominal",
                "name": "Void",
                "printedName": "()"
              },
              {
                "kind": "TypeNominal",
                "name": "UIViewController",
                "printedName": "UIKit.UIViewController",
                "usr": "c:objc(cs)UIViewController"
              }
            ],
            "declKind": "Func",
            "usr": "c:@M@Ekyc@objc(cs)SdkEkyc(cm)onPauseNfc:",
            "mangledName": "$s4Ekyc03SdkA0C10onPauseNfcyySo16UIViewControllerCFZ",
            "moduleName": "Ekyc",
            "static": true,
            "declAttributes": [
              "Final",
              "AccessControl",
              "ObjC",
              "RawDocComment"
            ],
            "funcSelfKind": "NonMutating"
          },
          {
            "kind": "Constructor",
            "name": "init",
            "printedName": "init()",
            "children": [
              {
                "kind": "TypeNominal",
                "name": "SdkEkyc",
                "printedName": "Ekyc.SdkEkyc",
                "usr": "c:@M@Ekyc@objc(cs)SdkEkyc"
              }
            ],
            "declKind": "Constructor",
            "usr": "c:@M@Ekyc@objc(cs)SdkEkyc(im)init",
            "mangledName": "$s4Ekyc03SdkA0CACycfc",
            "moduleName": "Ekyc",
            "overriding": true,
            "implicit": true,
            "objc_name": "init",
            "declAttributes": [
              "Dynamic",
              "ObjC",
              "Override"
            ],
            "init_kind": "Designated"
          }
        ],
        "declKind": "Class",
        "usr": "c:@M@Ekyc@objc(cs)SdkEkyc",
        "mangledName": "$s4Ekyc03SdkA0C",
        "moduleName": "Ekyc",
        "declAttributes": [
          "AccessControl",
          "ObjC",
          "RawDocComment"
        ],
        "superclassUsr": "c:objc(cs)NSObject",
        "inheritsConvenienceInitializers": true,
        "superclassNames": [
          "ObjectiveC.NSObject"
        ],
        "conformances": [
          {
            "kind": "Conformance",
            "name": "Copyable",
            "printedName": "Copyable",
            "usr": "s:s8CopyableP",
            "mangledName": "$ss8CopyableP"
          },
          {
            "kind": "Conformance",
            "name": "Escapable",
            "printedName": "Escapable",
            "usr": "s:s9EscapableP",
            "mangledName": "$ss9EscapableP"
          },
          {
            "kind": "Conformance",
            "name": "Equatable",
            "printedName": "Equatable",
            "usr": "s:SQ",
            "mangledName": "$sSQ"
          },
          {
            "kind": "Conformance",
            "name": "Hashable",
            "printedName": "Hashable",
            "usr": "s:SH",
            "mangledName": "$sSH"
          },
          {
            "kind": "Conformance",
            "name": "CVarArg",
            "printedName": "CVarArg",
            "usr": "s:s7CVarArgP",
            "mangledName": "$ss7CVarArgP"
          },
          {
            "kind": "Conformance",
            "name": "_KeyValueCodingAndObservingPublishing",
            "printedName": "_KeyValueCodingAndObservingPublishing",
            "usr": "s:10Foundation37_KeyValueCodingAndObservingPublishingP",
            "mangledName": "$s10Foundation37_KeyValueCodingAndObservingPublishingP"
          },
          {
            "kind": "Conformance",
            "name": "_KeyValueCodingAndObserving",
            "printedName": "_KeyValueCodingAndObserving",
            "usr": "s:10Foundation27_KeyValueCodingAndObservingP",
            "mangledName": "$s10Foundation27_KeyValueCodingAndObservingP"
          },
          {
            "kind": "Conformance",
            "name": "CustomStringConvertible",
            "printedName": "CustomStringConvertible",
            "usr": "s:s23CustomStringConvertibleP",
            "mangledName": "$ss23CustomStringConvertibleP"
          },
          {
            "kind": "Conformance",
            "name": "CustomDebugStringConvertible",
            "printedName": "CustomDebugStringConvertible",
            "usr": "s:s28CustomDebugStringConvertibleP",
            "mangledName": "$ss28CustomDebugStringConvertibleP"
          }
        ]
      }
    ],
    "json_format_version": 8
  },
  "ConstValues": [
    {
      "filePath": "\/Volumes\/Data\/Work\/GalaxyHolding\/SDK_IOS\/EkycNativeIOS\/Modules\/Ekyc\/Sources\/SDKEkycInit.swift",
      "kind": "BooleanLiteral",
      "offset": 318,
      "length": 5,
      "value": "false"
    }
  ]
}