{
  "ABIRoot": {
    "kind": "Root",
    "name": "FaceService",
    "printedName": "FaceService",
    "children": [
      {
        "kind": "Import",
        "name": "Foundation",
        "printedName": "Foundation",
        "declKind": "Import",
        "moduleName": "FaceService",
        "declAttributes": [
          "RawDocComment"
        ]
      },
      {
        "kind": "TypeDecl",
        "name": "SDKFaceServiceInit",
        "printedName": "SDKFaceServiceInit",
        "children": [
          {
            "kind": "Var",
            "name": "shared",
            "printedName": "shared",
            "children": [
              {
                "kind": "TypeNominal",
                "name": "SDKFaceServiceInit",
                "printedName": "FaceService.SDKFaceServiceInit",
                "usr": "s:11FaceService07SDKFaceB4InitC"
              }
            ],
            "declKind": "Var",
            "usr": "s:11FaceService07SDKFaceB4InitC6sharedACvpZ",
            "mangledName": "$s11FaceService07SDKFaceB4InitC6sharedACvpZ",
            "moduleName": "FaceService",
            "static": true,
            "declAttributes": [
              "HasInitialValue",
              "Final",
              "HasStorage",
              "AccessControl",
              "RawDocComment"
            ],
            "isLet": true,
            "hasStorage": true,
            "accessors": [
              {
                "kind": "Accessor",
                "name": "Get",
                "printedName": "Get()",
                "children": [
                  {
                    "kind": "TypeNominal",
                    "name": "SDKFaceServiceInit",
                    "printedName": "FaceService.SDKFaceServiceInit",
                    "usr": "s:11FaceService07SDKFaceB4InitC"
                  }
                ],
                "declKind": "Accessor",
                "usr": "s:11FaceService07SDKFaceB4InitC6sharedACvgZ",
                "mangledName": "$s11FaceService07SDKFaceB4InitC6sharedACvgZ",
                "moduleName": "FaceService",
                "static": true,
                "implicit": true,
                "declAttributes": [
                  "Final"
                ],
                "accessorKind": "get"
              }
            ]
          },
          {
            "kind": "Function",
            "name": "initialize",
            "printedName": "initialize()",
            "children": [
              {
                "kind": "TypeNominal",
                "name": "Void",
                "printedName": "()"
              }
            ],
            "declKind": "Func",
            "usr": "s:11FaceService07SDKFaceB4InitC10initializeyyF",
            "mangledName": "$s11FaceService07SDKFaceB4InitC10initializeyyF",
            "moduleName": "FaceService",
            "declAttributes": [
              "AccessControl",
              "RawDocComment"
            ],
            "funcSelfKind": "NonMutating"
          },
          {
            "kind": "Function",
            "name": "getViewModel",
            "printedName": "getViewModel()",
            "children": [
              {
                "kind": "TypeNominal",
                "name": "SDKFaceServiceViewModel",
                "printedName": "FaceService.SDKFaceServiceViewModel",
                "usr": "s:11FaceService07SDKFaceB9ViewModelC"
              }
            ],
            "declKind": "Func",
            "usr": "s:11FaceService07SDKFaceB4InitC12getViewModelAA0cbfG0CyF",
            "mangledName": "$s11FaceService07SDKFaceB4InitC12getViewModelAA0cbfG0CyF",
            "moduleName": "FaceService",
            "declAttributes": [
              "AccessControl",
              "RawDocComment"
            ],
            "funcSelfKind": "NonMutating"
          },
          {
            "kind": "Function",
            "name": "cleanup",
            "printedName": "cleanup()",
            "children": [
              {
                "kind": "TypeNominal",
                "name": "Void",
                "printedName": "()"
              }
            ],
            "declKind": "Func",
            "usr": "s:11FaceService07SDKFaceB4InitC7cleanupyyF",
            "mangledName": "$s11FaceService07SDKFaceB4InitC7cleanupyyF",
            "moduleName": "FaceService",
            "declAttributes": [
              "AccessControl",
              "RawDocComment"
            ],
            "funcSelfKind": "NonMutating"
          }
        ],
        "declKind": "Class",
        "usr": "s:11FaceService07SDKFaceB4InitC",
        "mangledName": "$s11FaceService07SDKFaceB4InitC",
        "moduleName": "FaceService",
        "declAttributes": [
          "AccessControl",
          "RawDocComment"
        ],
        "hasMissingDesignatedInitializers": true,
        "conformances": [
          {
            "kind": "Conformance",
            "name": "Copyable",
            "printedName": "Copyable",
            "usr": "s:s8CopyableP",
            "mangledName": "$ss8CopyableP"
          },
          {
            "kind": "Conformance",
            "name": "Escapable",
            "printedName": "Escapable",
            "usr": "s:s9EscapableP",
            "mangledName": "$ss9EscapableP"
          }
        ]
      },
      {
        "kind": "Import",
        "name": "Foundation",
        "printedName": "Foundation",
        "declKind": "Import",
        "moduleName": "FaceService",
        "declAttributes": [
          "RawDocComment"
        ]
      },
      {
        "kind": "Import",
        "name": "UIKit",
        "printedName": "UIKit",
        "declKind": "Import",
        "moduleName": "FaceService"
      },
      {
        "kind": "Import",
        "name": "SDKCore",
        "printedName": "SDKCore",
        "declKind": "Import",
        "moduleName": "FaceService"
      },
      {
        "kind": "TypeDecl",
        "name": "SDKFaceServiceViewModel",
        "printedName": "SDKFaceServiceViewModel",
        "children": [
          {
            "kind": "Constructor",
            "name": "init",
            "printedName": "init()",
            "children": [
              {
                "kind": "TypeNominal",
                "name": "SDKFaceServiceViewModel",
                "printedName": "FaceService.SDKFaceServiceViewModel",
                "usr": "s:11FaceService07SDKFaceB9ViewModelC"
              }
            ],
            "declKind": "Constructor",
            "usr": "s:11FaceService07SDKFaceB9ViewModelCACycfc",
            "mangledName": "$s11FaceService07SDKFaceB9ViewModelCACycfc",
            "moduleName": "FaceService",
            "declAttributes": [
              "AccessControl"
            ],
            "init_kind": "Designated"
          },
          {
            "kind": "Function",
            "name": "checkFace",
            "printedName": "checkFace(appKey:faceServiceConfig:callbackSuccess:callbackError:)",
            "children": [
              {
                "kind": "TypeNominal",
                "name": "Void",
                "printedName": "()"
              },
              {
                "kind": "TypeNominal",
                "name": "String",
                "printedName": "Swift.String",
                "usr": "s:SS"
              },
              {
                "kind": "TypeNominal",
                "name": "FaceServiceConfig",
                "printedName": "SDKCore.FaceServiceConfig",
                "usr": "c:@M@SDKCore@objc(cs)FaceServiceConfig"
              },
              {
                "kind": "TypeFunc",
                "name": "Function",
                "printedName": "(SDKCore.EKYCEvent, SDKCore.SDKEkycResult?) -> ()",
                "children": [
                  {
                    "kind": "TypeNominal",
                    "name": "Void",
                    "printedName": "()"
                  },
                  {
                    "kind": "TypeNominal",
                    "name": "Tuple",
                    "printedName": "(SDKCore.EKYCEvent, SDKCore.SDKEkycResult?)",
                    "children": [
                      {
                        "kind": "TypeNominal",
                        "name": "EKYCEvent",
                        "printedName": "SDKCore.EKYCEvent",
                        "usr": "c:@M@SDKCore@E@EKYCEvent"
                      },
                      {
                        "kind": "TypeNominal",
                        "name": "Optional",
                        "printedName": "SDKCore.SDKEkycResult?",
                        "children": [
                          {
                            "kind": "TypeNominal",
                            "name": "SDKEkycResult",
                            "printedName": "SDKCore.SDKEkycResult",
                            "usr": "c:@M@SDKCore@objc(cs)SDKEkycResult"
                          }
                        ],
                        "usr": "s:Sq"
                      }
                    ]
                  }
                ]
              },
              {
                "kind": "TypeFunc",
                "name": "Function",
                "printedName": "(SDKCore.EKYCErrorEvent, SDKCore.EKYCErrorResult) -> ()",
                "children": [
                  {
                    "kind": "TypeNominal",
                    "name": "Void",
                    "printedName": "()"
                  },
                  {
                    "kind": "TypeNominal",
                    "name": "Tuple",
                    "printedName": "(SDKCore.EKYCErrorEvent, SDKCore.EKYCErrorResult)",
                    "children": [
                      {
                        "kind": "TypeNominal",
                        "name": "EKYCErrorEvent",
                        "printedName": "SDKCore.EKYCErrorEvent",
                        "usr": "c:@M@SDKCore@E@EKYCErrorEvent"
                      },
                      {
                        "kind": "TypeNominal",
                        "name": "EKYCErrorResult",
                        "printedName": "SDKCore.EKYCErrorResult",
                        "usr": "c:@M@SDKCore@objc(cs)EKYCErrorResult"
                      }
                    ]
                  }
                ]
              }
            ],
            "declKind": "Func",
            "usr": "s:11FaceService07SDKFaceB9ViewModelC05checkA06appKey04faceB6Config15callbackSuccess0K5ErrorySS_7SDKCore0abJ0CyAI9EKYCEventO_AI13SDKEkycResultCSgtcyAI14EKYCErrorEventO_AI0rQ0CtctF",
            "mangledName": "$s11FaceService07SDKFaceB9ViewModelC05checkA06appKey04faceB6Config15callbackSuccess0K5ErrorySS_7SDKCore0abJ0CyAI9EKYCEventO_AI13SDKEkycResultCSgtcyAI14EKYCErrorEventO_AI0rQ0CtctF",
            "moduleName": "FaceService",
            "declAttributes": [
              "AccessControl",
              "RawDocComment"
            ],
            "funcSelfKind": "NonMutating"
          },
          {
            "kind": "Function",
            "name": "cancelRequest",
            "printedName": "cancelRequest()",
            "children": [
              {
                "kind": "TypeNominal",
                "name": "Void",
                "printedName": "()"
              }
            ],
            "declKind": "Func",
            "usr": "s:11FaceService07SDKFaceB9ViewModelC13cancelRequestyyF",
            "mangledName": "$s11FaceService07SDKFaceB9ViewModelC13cancelRequestyyF",
            "moduleName": "FaceService",
            "declAttributes": [
              "AccessControl",
              "RawDocComment"
            ],
            "funcSelfKind": "NonMutating"
          }
        ],
        "declKind": "Class",
        "usr": "s:11FaceService07SDKFaceB9ViewModelC",
        "mangledName": "$s11FaceService07SDKFaceB9ViewModelC",
        "moduleName": "FaceService",
        "declAttributes": [
          "AccessControl",
          "RawDocComment"
        ],
        "conformances": [
          {
            "kind": "Conformance",
            "name": "Copyable",
            "printedName": "Copyable",
            "usr": "s:s8CopyableP",
            "mangledName": "$ss8CopyableP"
          },
          {
            "kind": "Conformance",
            "name": "Escapable",
            "printedName": "Escapable",
            "usr": "s:s9EscapableP",
            "mangledName": "$ss9EscapableP"
          }
        ]
      },
      {
        "kind": "Import",
        "name": "Foundation",
        "printedName": "Foundation",
        "declKind": "Import",
        "moduleName": "FaceService",
        "declAttributes": [
          "RawDocComment"
        ]
      },
      {
        "kind": "Import",
        "name": "SDKCore",
        "printedName": "SDKCore",
        "declKind": "Import",
        "moduleName": "FaceService"
      },
      {
        "kind": "TypeDecl",
        "name": "SdkEkycFaceService",
        "printedName": "SdkEkycFaceService",
        "children": [
          {
            "kind": "Function",
            "name": "startEkyc",
            "printedName": "startEkyc(ekycConfigSDK:callbackSuccess:callbackError:)",
            "children": [
              {
                "kind": "TypeNominal",
                "name": "Void",
                "printedName": "()"
              },
              {
                "kind": "TypeNominal",
                "name": "EKYCConfigSDK",
                "printedName": "SDKCore.EKYCConfigSDK",
                "usr": "c:@M@SDKCore@objc(cs)EKYCConfigSDK"
              },
              {
                "kind": "TypeNominal",
                "name": "Optional",
                "printedName": "((SDKCore.EKYCEvent, SDKCore.SDKEkycResult?) -> ())?",
                "children": [
                  {
                    "kind": "TypeFunc",
                    "name": "Function",
                    "printedName": "(SDKCore.EKYCEvent, SDKCore.SDKEkycResult?) -> ()",
                    "children": [
                      {
                        "kind": "TypeNominal",
                        "name": "Void",
                        "printedName": "()"
                      },
                      {
                        "kind": "TypeNominal",
                        "name": "Tuple",
                        "printedName": "(SDKCore.EKYCEvent, SDKCore.SDKEkycResult?)",
                        "children": [
                          {
                            "kind": "TypeNominal",
                            "name": "EKYCEvent",
                            "printedName": "SDKCore.EKYCEvent",
                            "usr": "c:@M@SDKCore@E@EKYCEvent"
                          },
                          {
                            "kind": "TypeNominal",
                            "name": "Optional",
                            "printedName": "SDKCore.SDKEkycResult?",
                            "children": [
                              {
                                "kind": "TypeNominal",
                                "name": "SDKEkycResult",
                                "printedName": "SDKCore.SDKEkycResult",
                                "usr": "c:@M@SDKCore@objc(cs)SDKEkycResult"
                              }
                            ],
                            "usr": "s:Sq"
                          }
                        ]
                      }
                    ]
                  }
                ],
                "usr": "s:Sq"
              },
              {
                "kind": "TypeNominal",
                "name": "Optional",
                "printedName": "((SDKCore.EKYCErrorEvent, SDKCore.EKYCErrorResult) -> ())?",
                "children": [
                  {
                    "kind": "TypeFunc",
                    "name": "Function",
                    "printedName": "(SDKCore.EKYCErrorEvent, SDKCore.EKYCErrorResult) -> ()",
                    "children": [
                      {
                        "kind": "TypeNominal",
                        "name": "Void",
                        "printedName": "()"
                      },
                      {
                        "kind": "TypeNominal",
                        "name": "Tuple",
                        "printedName": "(SDKCore.EKYCErrorEvent, SDKCore.EKYCErrorResult)",
                        "children": [
                          {
                            "kind": "TypeNominal",
                            "name": "EKYCErrorEvent",
                            "printedName": "SDKCore.EKYCErrorEvent",
                            "usr": "c:@M@SDKCore@E@EKYCErrorEvent"
                          },
                          {
                            "kind": "TypeNominal",
                            "name": "EKYCErrorResult",
                            "printedName": "SDKCore.EKYCErrorResult",
                            "usr": "c:@M@SDKCore@objc(cs)EKYCErrorResult"
                          }
                        ]
                      }
                    ]
                  }
                ],
                "usr": "s:Sq"
              }
            ],
            "declKind": "Func",
            "usr": "c:@M@FaceService@objc(cs)SdkEkycFaceService(cm)startEkycWithEkycConfigSDK:callbackSuccess:callbackError:",
            "mangledName": "$s11FaceService07SdkEkycaB0C05startD013ekycConfigSDK15callbackSuccess0I5Errory7SDKCore010EKYCConfigH0C_yAH9EKYCEventO_AH13SDKEkycResultCSgtcSgyAH14EKYCErrorEventO_AH0qP0CtcSgtFZ",
            "moduleName": "FaceService",
            "static": true,
            "objc_name": "startEkycWithEkycConfigSDK:callbackSuccess:callbackError:",
            "declAttributes": [
              "Final",
              "AccessControl",
              "ObjC",
              "RawDocComment"
            ],
            "funcSelfKind": "NonMutating"
          },
          {
            "kind": "Constructor",
            "name": "init",
            "printedName": "init()",
            "children": [
              {
                "kind": "TypeNominal",
                "name": "SdkEkycFaceService",
                "printedName": "FaceService.SdkEkycFaceService",
                "usr": "c:@M@FaceService@objc(cs)SdkEkycFaceService"
              }
            ],
            "declKind": "Constructor",
            "usr": "c:@M@FaceService@objc(cs)SdkEkycFaceService(im)init",
            "mangledName": "$s11FaceService07SdkEkycaB0CACycfc",
            "moduleName": "FaceService",
            "overriding": true,
            "implicit": true,
            "objc_name": "init",
            "declAttributes": [
              "Dynamic",
              "ObjC",
              "Override"
            ],
            "init_kind": "Designated"
          }
        ],
        "declKind": "Class",
        "usr": "c:@M@FaceService@objc(cs)SdkEkycFaceService",
        "mangledName": "$s11FaceService07SdkEkycaB0C",
        "moduleName": "FaceService",
        "declAttributes": [
          "AccessControl",
          "ObjC",
          "RawDocComment"
        ],
        "superclassUsr": "c:objc(cs)NSObject",
        "inheritsConvenienceInitializers": true,
        "superclassNames": [
          "ObjectiveC.NSObject"
        ],
        "conformances": [
          {
            "kind": "Conformance",
            "name": "Copyable",
            "printedName": "Copyable",
            "usr": "s:s8CopyableP",
            "mangledName": "$ss8CopyableP"
          },
          {
            "kind": "Conformance",
            "name": "Escapable",
            "printedName": "Escapable",
            "usr": "s:s9EscapableP",
            "mangledName": "$ss9EscapableP"
          },
          {
            "kind": "Conformance",
            "name": "Equatable",
            "printedName": "Equatable",
            "usr": "s:SQ",
            "mangledName": "$sSQ"
          },
          {
            "kind": "Conformance",
            "name": "Hashable",
            "printedName": "Hashable",
            "usr": "s:SH",
            "mangledName": "$sSH"
          },
          {
            "kind": "Conformance",
            "name": "CVarArg",
            "printedName": "CVarArg",
            "usr": "s:s7CVarArgP",
            "mangledName": "$ss7CVarArgP"
          },
          {
            "kind": "Conformance",
            "name": "_KeyValueCodingAndObservingPublishing",
            "printedName": "_KeyValueCodingAndObservingPublishing",
            "usr": "s:10Foundation37_KeyValueCodingAndObservingPublishingP",
            "mangledName": "$s10Foundation37_KeyValueCodingAndObservingPublishingP"
          },
          {
            "kind": "Conformance",
            "name": "_KeyValueCodingAndObserving",
            "printedName": "_KeyValueCodingAndObserving",
            "usr": "s:10Foundation27_KeyValueCodingAndObservingP",
            "mangledName": "$s10Foundation27_KeyValueCodingAndObservingP"
          },
          {
            "kind": "Conformance",
            "name": "CustomStringConvertible",
            "printedName": "CustomStringConvertible",
            "usr": "s:s23CustomStringConvertibleP",
            "mangledName": "$ss23CustomStringConvertibleP"
          },
          {
            "kind": "Conformance",
            "name": "CustomDebugStringConvertible",
            "printedName": "CustomDebugStringConvertible",
            "usr": "s:s28CustomDebugStringConvertibleP",
            "mangledName": "$ss28CustomDebugStringConvertibleP"
          }
        ]
      }
    ],
    "json_format_version": 8
  },
  "ConstValues": [
    {
      "filePath": "\/Volumes\/Data\/Work\/GalaxyHolding\/SDK_IOS\/EkycNativeIOS\/Modules\/FaceService\/Sources\/SDKFaceServiceViewModel.swift",
      "kind": "StringLiteral",
      "offset": 628,
      "length": 5,
      "value": "\"yes\""
    }
  ]
}