{
  "ABIRoot": {
    "kind": "Root",
    "name": "QRCode",
    "printedName": "QRCode",
    "children": [
      {
        "kind": "Import",
        "name": "Foundation",
        "printedName": "Foundation",
        "declKind": "Import",
        "moduleName": "QRCode",
        "declAttributes": [
          "RawDocComment"
        ]
      },
      {
        "kind": "Import",
        "name": "UIKit",
        "printedName": "UIKit",
        "declKind": "Import",
        "moduleName": "QRCode"
      },
      {
        "kind": "Import",
        "name": "AVFoundation",
        "printedName": "AVFoundation",
        "declKind": "Import",
        "moduleName": "QRCode"
      },
      {
        "kind": "Import",
        "name": "SDKCore",
        "printedName": "SDKCore",
        "declKind": "Import",
        "moduleName": "QRCode"
      },
      {
        "kind": "Import",
        "name": "SDKCoreCamera",
        "printedName": "SDKCoreCamera",
        "declKind": "Import",
        "moduleName": "QRCode"
      },
      {
        "kind": "TypeDecl",
        "name": "SDKActivityQRCode",
        "printedName": "SDKActivityQRCode",
        "children": [
          {
            "kind": "Constructor",
            "name": "init",
            "printedName": "init(onQRCodeScanned:onError:)",
            "children": [
              {
                "kind": "TypeNominal",
                "name": "SDKActivityQRCode",
                "printedName": "QRCode.SDKActivityQRCode",
                "usr": "c:@M@QRCode@objc(cs)SDKActivityQRCode"
              },
              {
                "kind": "TypeFunc",
                "name": "Function",
                "printedName": "(Swift.String) -> ()",
                "children": [
                  {
                    "kind": "TypeNominal",
                    "name": "Void",
                    "printedName": "()"
                  },
                  {
                    "kind": "TypeNominal",
                    "name": "String",
                    "printedName": "Swift.String",
                    "usr": "s:SS"
                  }
                ]
              },
              {
                "kind": "TypeNominal",
                "name": "Optional",
                "printedName": "((SDKCore.EKYCErrorEvent, Swift.String) -> ())?",
                "children": [
                  {
                    "kind": "TypeFunc",
                    "name": "Function",
                    "printedName": "(SDKCore.EKYCErrorEvent, Swift.String) -> ()",
                    "children": [
                      {
                        "kind": "TypeNominal",
                        "name": "Void",
                        "printedName": "()"
                      },
                      {
                        "kind": "TypeNominal",
                        "name": "Tuple",
                        "printedName": "(SDKCore.EKYCErrorEvent, Swift.String)",
                        "children": [
                          {
                            "kind": "TypeNominal",
                            "name": "EKYCErrorEvent",
                            "printedName": "SDKCore.EKYCErrorEvent",
                            "usr": "c:@M@SDKCore@E@EKYCErrorEvent"
                          },
                          {
                            "kind": "TypeNominal",
                            "name": "String",
                            "printedName": "Swift.String",
                            "usr": "s:SS"
                          }
                        ]
                      }
                    ]
                  }
                ],
                "hasDefaultArg": true,
                "usr": "s:Sq"
              }
            ],
            "declKind": "Constructor",
            "usr": "s:6QRCode011SDKActivityA0C02onA7Scanned0C5ErrorACySSc_y7SDKCore14EKYCErrorEventO_SStcSgtcfc",
            "mangledName": "$s6QRCode011SDKActivityA0C02onA7Scanned0C5ErrorACySSc_y7SDKCore14EKYCErrorEventO_SStcSgtcfc",
            "moduleName": "QRCode",
            "declAttributes": [
              "Preconcurrency",
              "Custom",
              "Convenience",
              "AccessControl",
              "RawDocComment"
            ],
            "init_kind": "Convenience"
          },
          {
            "kind": "Function",
            "name": "viewDidLoad",
            "printedName": "viewDidLoad()",
            "children": [
              {
                "kind": "TypeNominal",
                "name": "Void",
                "printedName": "()"
              }
            ],
            "declKind": "Func",
            "usr": "c:@M@QRCode@objc(cs)SDKActivityQRCode(im)viewDidLoad",
            "mangledName": "$s6QRCode011SDKActivityA0C11viewDidLoadyyF",
            "moduleName": "QRCode",
            "overriding": true,
            "objc_name": "viewDidLoad",
            "declAttributes": [
              "Dynamic",
              "ObjC",
              "Preconcurrency",
              "Custom",
              "Override",
              "AccessControl",
              "RawDocComment"
            ],
            "funcSelfKind": "NonMutating"
          },
          {
            "kind": "Function",
            "name": "viewDidAppear",
            "printedName": "viewDidAppear(_:)",
            "children": [
              {
                "kind": "TypeNominal",
                "name": "Void",
                "printedName": "()"
              },
              {
                "kind": "TypeNominal",
                "name": "Bool",
                "printedName": "Swift.Bool",
                "usr": "s:Sb"
              }
            ],
            "declKind": "Func",
            "usr": "c:@M@QRCode@objc(cs)SDKActivityQRCode(im)viewDidAppear:",
            "mangledName": "$s6QRCode011SDKActivityA0C13viewDidAppearyySbF",
            "moduleName": "QRCode",
            "overriding": true,
            "objc_name": "viewDidAppear:",
            "declAttributes": [
              "Dynamic",
              "ObjC",
              "Preconcurrency",
              "Custom",
              "Override",
              "AccessControl"
            ],
            "funcSelfKind": "NonMutating"
          },
          {
            "kind": "Function",
            "name": "viewWillDisappear",
            "printedName": "viewWillDisappear(_:)",
            "children": [
              {
                "kind": "TypeNominal",
                "name": "Void",
                "printedName": "()"
              },
              {
                "kind": "TypeNominal",
                "name": "Bool",
                "printedName": "Swift.Bool",
                "usr": "s:Sb"
              }
            ],
            "declKind": "Func",
            "usr": "c:@M@QRCode@objc(cs)SDKActivityQRCode(im)viewWillDisappear:",
            "mangledName": "$s6QRCode011SDKActivityA0C17viewWillDisappearyySbF",
            "moduleName": "QRCode",
            "overriding": true,
            "objc_name": "viewWillDisappear:",
            "declAttributes": [
              "Dynamic",
              "ObjC",
              "Preconcurrency",
              "Custom",
              "Override",
              "AccessControl"
            ],
            "funcSelfKind": "NonMutating"
          },
          {
            "kind": "Constructor",
            "name": "init",
            "printedName": "init(nibName:bundle:)",
            "children": [
              {
                "kind": "TypeNominal",
                "name": "SDKActivityQRCode",
                "printedName": "QRCode.SDKActivityQRCode",
                "usr": "c:@M@QRCode@objc(cs)SDKActivityQRCode"
              },
              {
                "kind": "TypeNominal",
                "name": "Optional",
                "printedName": "Swift.String?",
                "children": [
                  {
                    "kind": "TypeNominal",
                    "name": "String",
                    "printedName": "Swift.String",
                    "usr": "s:SS"
                  }
                ],
                "usr": "s:Sq"
              },
              {
                "kind": "TypeNominal",
                "name": "Optional",
                "printedName": "Foundation.Bundle?",
                "children": [
                  {
                    "kind": "TypeNominal",
                    "name": "Bundle",
                    "printedName": "Foundation.Bundle",
                    "usr": "c:objc(cs)NSBundle"
                  }
                ],
                "usr": "s:Sq"
              }
            ],
            "declKind": "Constructor",
            "usr": "c:@M@QRCode@objc(cs)SDKActivityQRCode(im)initWithNibName:bundle:",
            "mangledName": "$s6QRCode011SDKActivityA0C7nibName6bundleACSSSg_So8NSBundleCSgtcfc",
            "moduleName": "QRCode",
            "overriding": true,
            "implicit": true,
            "objc_name": "initWithNibName:bundle:",
            "declAttributes": [
              "Dynamic",
              "ObjC",
              "Preconcurrency",
              "Custom",
              "Override"
            ],
            "init_kind": "Designated"
          },
          {
            "kind": "Constructor",
            "name": "init",
            "printedName": "init(coder:)",
            "children": [
              {
                "kind": "TypeNominal",
                "name": "Optional",
                "printedName": "QRCode.SDKActivityQRCode?",
                "children": [
                  {
                    "kind": "TypeNominal",
                    "name": "SDKActivityQRCode",
                    "printedName": "QRCode.SDKActivityQRCode",
                    "usr": "c:@M@QRCode@objc(cs)SDKActivityQRCode"
                  }
                ],
                "usr": "s:Sq"
              },
              {
                "kind": "TypeNominal",
                "name": "NSCoder",
                "printedName": "Foundation.NSCoder",
                "usr": "c:objc(cs)NSCoder"
              }
            ],
            "declKind": "Constructor",
            "usr": "c:@M@QRCode@objc(cs)SDKActivityQRCode(im)initWithCoder:",
            "mangledName": "$s6QRCode011SDKActivityA0C5coderACSgSo7NSCoderC_tcfc",
            "moduleName": "QRCode",
            "overriding": true,
            "implicit": true,
            "objc_name": "initWithCoder:",
            "declAttributes": [
              "Dynamic",
              "ObjC",
              "Preconcurrency",
              "Custom",
              "Required"
            ],
            "init_kind": "Designated"
          }
        ],
        "declKind": "Class",
        "usr": "c:@M@QRCode@objc(cs)SDKActivityQRCode",
        "mangledName": "$s6QRCode011SDKActivityA0C",
        "moduleName": "QRCode",
        "declAttributes": [
          "Preconcurrency",
          "Custom",
          "AccessControl",
          "RawDocComment",
          "ObjC"
        ],
        "superclassUsr": "c:objc(cs)UIViewController",
        "inheritsConvenienceInitializers": true,
        "superclassNames": [
          "UIKit.UIViewController",
          "UIKit.UIResponder",
          "ObjectiveC.NSObject"
        ],
        "conformances": [
          {
            "kind": "Conformance",
            "name": "Copyable",
            "printedName": "Copyable",
            "usr": "s:s8CopyableP",
            "mangledName": "$ss8CopyableP"
          },
          {
            "kind": "Conformance",
            "name": "Escapable",
            "printedName": "Escapable",
            "usr": "s:s9EscapableP",
            "mangledName": "$ss9EscapableP"
          },
          {
            "kind": "Conformance",
            "name": "Equatable",
            "printedName": "Equatable",
            "usr": "s:SQ",
            "mangledName": "$sSQ"
          },
          {
            "kind": "Conformance",
            "name": "Hashable",
            "printedName": "Hashable",
            "usr": "s:SH",
            "mangledName": "$sSH"
          },
          {
            "kind": "Conformance",
            "name": "CVarArg",
            "printedName": "CVarArg",
            "usr": "s:s7CVarArgP",
            "mangledName": "$ss7CVarArgP"
          },
          {
            "kind": "Conformance",
            "name": "_KeyValueCodingAndObservingPublishing",
            "printedName": "_KeyValueCodingAndObservingPublishing",
            "usr": "s:10Foundation37_KeyValueCodingAndObservingPublishingP",
            "mangledName": "$s10Foundation37_KeyValueCodingAndObservingPublishingP"
          },
          {
            "kind": "Conformance",
            "name": "_KeyValueCodingAndObserving",
            "printedName": "_KeyValueCodingAndObserving",
            "usr": "s:10Foundation27_KeyValueCodingAndObservingP",
            "mangledName": "$s10Foundation27_KeyValueCodingAndObservingP"
          },
          {
            "kind": "Conformance",
            "name": "CustomStringConvertible",
            "printedName": "CustomStringConvertible",
            "usr": "s:s23CustomStringConvertibleP",
            "mangledName": "$ss23CustomStringConvertibleP"
          },
          {
            "kind": "Conformance",
            "name": "CustomDebugStringConvertible",
            "printedName": "CustomDebugStringConvertible",
            "usr": "s:s28CustomDebugStringConvertibleP",
            "mangledName": "$ss28CustomDebugStringConvertibleP"
          },
          {
            "kind": "Conformance",
            "name": "UITraitChangeObservable",
            "printedName": "UITraitChangeObservable",
            "usr": "s:5UIKit23UITraitChangeObservableP",
            "mangledName": "$s5UIKit23UITraitChangeObservableP"
          }
        ]
      },
      {
        "kind": "Import",
        "name": "Foundation",
        "printedName": "Foundation",
        "declKind": "Import",
        "moduleName": "QRCode",
        "declAttributes": [
          "RawDocComment"
        ]
      },
      {
        "kind": "Import",
        "name": "UIKit",
        "printedName": "UIKit",
        "declKind": "Import",
        "moduleName": "QRCode"
      },
      {
        "kind": "Import",
        "name": "AVFoundation",
        "printedName": "AVFoundation",
        "declKind": "Import",
        "moduleName": "QRCode"
      },
      {
        "kind": "Import",
        "name": "SDKCore",
        "printedName": "SDKCore",
        "declKind": "Import",
        "moduleName": "QRCode"
      },
      {
        "kind": "TypeDecl",
        "name": "SdkEkycQRCode",
        "printedName": "SdkEkycQRCode",
        "children": [
          {
            "kind": "Function",
            "name": "startScan",
            "printedName": "startScan(from:onQrScanned:callbackError:)",
            "children": [
              {
                "kind": "TypeNominal",
                "name": "Void",
                "printedName": "()"
              },
              {
                "kind": "TypeNominal",
                "name": "Optional",
                "printedName": "UIKit.UIViewController?",
                "children": [
                  {
                    "kind": "TypeNominal",
                    "name": "UIViewController",
                    "printedName": "UIKit.UIViewController",
                    "usr": "c:objc(cs)UIViewController"
                  }
                ],
                "usr": "s:Sq"
              },
              {
                "kind": "TypeNominal",
                "name": "Optional",
                "printedName": "((Swift.String) -> ())?",
                "children": [
                  {
                    "kind": "TypeFunc",
                    "name": "Function",
                    "printedName": "(Swift.String) -> ()",
                    "children": [
                      {
                        "kind": "TypeNominal",
                        "name": "Void",
                        "printedName": "()"
                      },
                      {
                        "kind": "TypeNominal",
                        "name": "String",
                        "printedName": "Swift.String",
                        "usr": "s:SS"
                      }
                    ]
                  }
                ],
                "usr": "s:Sq"
              },
              {
                "kind": "TypeNominal",
                "name": "Optional",
                "printedName": "((SDKCore.EKYCErrorEvent, SDKCore.EKYCErrorResult) -> ())?",
                "children": [
                  {
                    "kind": "TypeFunc",
                    "name": "Function",
                    "printedName": "(SDKCore.EKYCErrorEvent, SDKCore.EKYCErrorResult) -> ()",
                    "children": [
                      {
                        "kind": "TypeNominal",
                        "name": "Void",
                        "printedName": "()"
                      },
                      {
                        "kind": "TypeNominal",
                        "name": "Tuple",
                        "printedName": "(SDKCore.EKYCErrorEvent, SDKCore.EKYCErrorResult)",
                        "children": [
                          {
                            "kind": "TypeNominal",
                            "name": "EKYCErrorEvent",
                            "printedName": "SDKCore.EKYCErrorEvent",
                            "usr": "c:@M@SDKCore@E@EKYCErrorEvent"
                          },
                          {
                            "kind": "TypeNominal",
                            "name": "EKYCErrorResult",
                            "printedName": "SDKCore.EKYCErrorResult",
                            "usr": "c:@M@SDKCore@objc(cs)EKYCErrorResult"
                          }
                        ]
                      }
                    ]
                  }
                ],
                "usr": "s:Sq"
              }
            ],
            "declKind": "Func",
            "usr": "c:@M@QRCode@objc(cs)SdkEkycQRCode(cm)startScanFrom:onQrScanned:callbackError:",
            "mangledName": "$s6QRCode07SdkEkycA0C9startScan4from11onQrScanned13callbackErrorySo16UIViewControllerCSg_ySScSgy7SDKCore14EKYCErrorEventO_AL0O6ResultCtcSgtFZ",
            "moduleName": "QRCode",
            "static": true,
            "objc_name": "startScanFrom:onQrScanned:callbackError:",
            "declAttributes": [
              "Final",
              "AccessControl",
              "ObjC",
              "RawDocComment"
            ],
            "funcSelfKind": "NonMutating"
          },
          {
            "kind": "Function",
            "name": "createQRScanner",
            "printedName": "createQRScanner(onQrScanned:callbackError:)",
            "children": [
              {
                "kind": "TypeNominal",
                "name": "UIViewController",
                "printedName": "UIKit.UIViewController",
                "usr": "c:objc(cs)UIViewController"
              },
              {
                "kind": "TypeNominal",
                "name": "Optional",
                "printedName": "((Swift.String) -> ())?",
                "children": [
                  {
                    "kind": "TypeFunc",
                    "name": "Function",
                    "printedName": "(Swift.String) -> ()",
                    "children": [
                      {
                        "kind": "TypeNominal",
                        "name": "Void",
                        "printedName": "()"
                      },
                      {
                        "kind": "TypeNominal",
                        "name": "String",
                        "printedName": "Swift.String",
                        "usr": "s:SS"
                      }
                    ]
                  }
                ],
                "usr": "s:Sq"
              },
              {
                "kind": "TypeNominal",
                "name": "Optional",
                "printedName": "((SDKCore.EKYCErrorEvent, SDKCore.EKYCErrorResult) -> ())?",
                "children": [
                  {
                    "kind": "TypeFunc",
                    "name": "Function",
                    "printedName": "(SDKCore.EKYCErrorEvent, SDKCore.EKYCErrorResult) -> ()",
                    "children": [
                      {
                        "kind": "TypeNominal",
                        "name": "Void",
                        "printedName": "()"
                      },
                      {
                        "kind": "TypeNominal",
                        "name": "Tuple",
                        "printedName": "(SDKCore.EKYCErrorEvent, SDKCore.EKYCErrorResult)",
                        "children": [
                          {
                            "kind": "TypeNominal",
                            "name": "EKYCErrorEvent",
                            "printedName": "SDKCore.EKYCErrorEvent",
                            "usr": "c:@M@SDKCore@E@EKYCErrorEvent"
                          },
                          {
                            "kind": "TypeNominal",
                            "name": "EKYCErrorResult",
                            "printedName": "SDKCore.EKYCErrorResult",
                            "usr": "c:@M@SDKCore@objc(cs)EKYCErrorResult"
                          }
                        ]
                      }
                    ]
                  }
                ],
                "usr": "s:Sq"
              }
            ],
            "declKind": "Func",
            "usr": "c:@M@QRCode@objc(cs)SdkEkycQRCode(cm)createQRScannerOnQrScanned:callbackError:",
            "mangledName": "$s6QRCode07SdkEkycA0C15createQRScanner11onQrScanned13callbackErrorSo16UIViewControllerCySScSg_y7SDKCore14EKYCErrorEventO_AJ0N6ResultCtcSgtFZ",
            "moduleName": "QRCode",
            "static": true,
            "objc_name": "createQRScannerOnQrScanned:callbackError:",
            "declAttributes": [
              "Final",
              "AccessControl",
              "ObjC",
              "RawDocComment"
            ],
            "funcSelfKind": "NonMutating"
          },
          {
            "kind": "Function",
            "name": "parseCCCDQRCode",
            "printedName": "parseCCCDQRCode(_:)",
            "children": [
              {
                "kind": "TypeNominal",
                "name": "Optional",
                "printedName": "[Swift.String : Swift.String]?",
                "children": [
                  {
                    "kind": "TypeNominal",
                    "name": "Dictionary",
                    "printedName": "[Swift.String : Swift.String]",
                    "children": [
                      {
                        "kind": "TypeNominal",
                        "name": "String",
                        "printedName": "Swift.String",
                        "usr": "s:SS"
                      },
                      {
                        "kind": "TypeNominal",
                        "name": "String",
                        "printedName": "Swift.String",
                        "usr": "s:SS"
                      }
                    ],
                    "usr": "s:SD"
                  }
                ],
                "usr": "s:Sq"
              },
              {
                "kind": "TypeNominal",
                "name": "String",
                "printedName": "Swift.String",
                "usr": "s:SS"
              }
            ],
            "declKind": "Func",
            "usr": "c:@M@QRCode@objc(cs)SdkEkycQRCode(cm)parseCCCDQRCode:",
            "mangledName": "$s6QRCode07SdkEkycA0C15parseCCCDQRCodeySDyS2SGSgSSFZ",
            "moduleName": "QRCode",
            "static": true,
            "declAttributes": [
              "Final",
              "AccessControl",
              "ObjC",
              "RawDocComment"
            ],
            "funcSelfKind": "NonMutating"
          },
          {
            "kind": "Function",
            "name": "checkCameraPermission",
            "printedName": "checkCameraPermission(completion:)",
            "children": [
              {
                "kind": "TypeNominal",
                "name": "Void",
                "printedName": "()"
              },
              {
                "kind": "TypeFunc",
                "name": "Function",
                "printedName": "(Swift.Bool) -> ()",
                "children": [
                  {
                    "kind": "TypeNominal",
                    "name": "Void",
                    "printedName": "()"
                  },
                  {
                    "kind": "TypeNominal",
                    "name": "Bool",
                    "printedName": "Swift.Bool",
                    "usr": "s:Sb"
                  }
                ]
              }
            ],
            "declKind": "Func",
            "usr": "c:@M@QRCode@objc(cs)SdkEkycQRCode(cm)checkCameraPermissionWithCompletion:",
            "mangledName": "$s6QRCode07SdkEkycA0C21checkCameraPermission10completionyySbc_tFZ",
            "moduleName": "QRCode",
            "static": true,
            "objc_name": "checkCameraPermissionWithCompletion:",
            "declAttributes": [
              "Final",
              "AccessControl",
              "ObjC",
              "RawDocComment"
            ],
            "funcSelfKind": "NonMutating"
          },
          {
            "kind": "Constructor",
            "name": "init",
            "printedName": "init()",
            "children": [
              {
                "kind": "TypeNominal",
                "name": "SdkEkycQRCode",
                "printedName": "QRCode.SdkEkycQRCode",
                "usr": "c:@M@QRCode@objc(cs)SdkEkycQRCode"
              }
            ],
            "declKind": "Constructor",
            "usr": "c:@M@QRCode@objc(cs)SdkEkycQRCode(im)init",
            "mangledName": "$s6QRCode07SdkEkycA0CACycfc",
            "moduleName": "QRCode",
            "overriding": true,
            "implicit": true,
            "objc_name": "init",
            "declAttributes": [
              "Dynamic",
              "ObjC",
              "Override"
            ],
            "init_kind": "Designated"
          }
        ],
        "declKind": "Class",
        "usr": "c:@M@QRCode@objc(cs)SdkEkycQRCode",
        "mangledName": "$s6QRCode07SdkEkycA0C",
        "moduleName": "QRCode",
        "declAttributes": [
          "AccessControl",
          "ObjC",
          "RawDocComment"
        ],
        "superclassUsr": "c:objc(cs)NSObject",
        "inheritsConvenienceInitializers": true,
        "superclassNames": [
          "ObjectiveC.NSObject"
        ],
        "conformances": [
          {
            "kind": "Conformance",
            "name": "Copyable",
            "printedName": "Copyable",
            "usr": "s:s8CopyableP",
            "mangledName": "$ss8CopyableP"
          },
          {
            "kind": "Conformance",
            "name": "Escapable",
            "printedName": "Escapable",
            "usr": "s:s9EscapableP",
            "mangledName": "$ss9EscapableP"
          },
          {
            "kind": "Conformance",
            "name": "Equatable",
            "printedName": "Equatable",
            "usr": "s:SQ",
            "mangledName": "$sSQ"
          },
          {
            "kind": "Conformance",
            "name": "Hashable",
            "printedName": "Hashable",
            "usr": "s:SH",
            "mangledName": "$sSH"
          },
          {
            "kind": "Conformance",
            "name": "CVarArg",
            "printedName": "CVarArg",
            "usr": "s:s7CVarArgP",
            "mangledName": "$ss7CVarArgP"
          },
          {
            "kind": "Conformance",
            "name": "_KeyValueCodingAndObservingPublishing",
            "printedName": "_KeyValueCodingAndObservingPublishing",
            "usr": "s:10Foundation37_KeyValueCodingAndObservingPublishingP",
            "mangledName": "$s10Foundation37_KeyValueCodingAndObservingPublishingP"
          },
          {
            "kind": "Conformance",
            "name": "_KeyValueCodingAndObserving",
            "printedName": "_KeyValueCodingAndObserving",
            "usr": "s:10Foundation27_KeyValueCodingAndObservingP",
            "mangledName": "$s10Foundation27_KeyValueCodingAndObservingP"
          },
          {
            "kind": "Conformance",
            "name": "CustomStringConvertible",
            "printedName": "CustomStringConvertible",
            "usr": "s:s23CustomStringConvertibleP",
            "mangledName": "$ss23CustomStringConvertibleP"
          },
          {
            "kind": "Conformance",
            "name": "CustomDebugStringConvertible",
            "printedName": "CustomDebugStringConvertible",
            "usr": "s:s28CustomDebugStringConvertibleP",
            "mangledName": "$ss28CustomDebugStringConvertibleP"
          }
        ]
      }
    ],
    "json_format_version": 8
  },
  "ConstValues": [
    {
      "filePath": "\/Volumes\/Data\/Work\/GalaxyHolding\/SDK_IOS\/EkycNativeIOS\/Modules\/QRCode\/Sources\/SDKActivityQRCode.swift",
      "kind": "BooleanLiteral",
      "offset": 829,
      "length": 5,
      "value": "false"
    }
  ]
}