{
  "ABIRoot": {
    "kind": "Root",
    "name": "Ocr",
    "printedName": "Ocr",
    "children": [
      {
        "kind": "Import",
        "name": "Foundation",
        "printedName": "Foundation",
        "declKind": "Import",
        "moduleName": "Ocr",
        "declAttributes": [
          "RawDocComment"
        ]
      },
      {
        "kind": "TypeDecl",
        "name": "SDKOcrInit",
        "printedName": "SDKOcrInit",
        "children": [
          {
            "kind": "Var",
            "name": "shared",
            "printedName": "shared",
            "children": [
              {
                "kind": "TypeNominal",
                "name": "SDKOcrInit",
                "printedName": "Ocr.SDKOcrInit",
                "usr": "s:3Ocr10SDKOcrInitC"
              }
            ],
            "declKind": "Var",
            "usr": "s:3Ocr10SDKOcrInitC6sharedACvpZ",
            "mangledName": "$s3Ocr10SDKOcrInitC6sharedACvpZ",
            "moduleName": "Ocr",
            "static": true,
            "declAttributes": [
              "HasInitialValue",
              "Final",
              "HasStorage",
              "AccessControl"
            ],
            "isLet": true,
            "hasStorage": true,
            "accessors": [
              {
                "kind": "Accessor",
                "name": "Get",
                "printedName": "Get()",
                "children": [
                  {
                    "kind": "TypeNominal",
                    "name": "SDKOcrInit",
                    "printedName": "Ocr.SDKOcrInit",
                    "usr": "s:3Ocr10SDKOcrInitC"
                  }
                ],
                "declKind": "Accessor",
                "usr": "s:3Ocr10SDKOcrInitC6sharedACvgZ",
                "mangledName": "$s3Ocr10SDKOcrInitC6sharedACvgZ",
                "moduleName": "Ocr",
                "static": true,
                "implicit": true,
                "declAttributes": [
                  "Final"
                ],
                "accessorKind": "get"
              }
            ]
          },
          {
            "kind": "Function",
            "name": "initialize",
            "printedName": "initialize()",
            "children": [
              {
                "kind": "TypeNominal",
                "name": "Void",
                "printedName": "()"
              }
            ],
            "declKind": "Func",
            "usr": "s:3Ocr10SDKOcrInitC10initializeyyF",
            "mangledName": "$s3Ocr10SDKOcrInitC10initializeyyF",
            "moduleName": "Ocr",
            "declAttributes": [
              "AccessControl",
              "RawDocComment"
            ],
            "funcSelfKind": "NonMutating"
          },
          {
            "kind": "Function",
            "name": "getViewModel",
            "printedName": "getViewModel()",
            "children": [
              {
                "kind": "TypeNominal",
                "name": "SDKOcrViewModel",
                "printedName": "Ocr.SDKOcrViewModel",
                "usr": "s:3Ocr15SDKOcrViewModelC"
              }
            ],
            "declKind": "Func",
            "usr": "s:3Ocr10SDKOcrInitC12getViewModelAA0beF0CyF",
            "mangledName": "$s3Ocr10SDKOcrInitC12getViewModelAA0beF0CyF",
            "moduleName": "Ocr",
            "declAttributes": [
              "AccessControl",
              "RawDocComment"
            ],
            "funcSelfKind": "NonMutating"
          },
          {
            "kind": "Function",
            "name": "cleanup",
            "printedName": "cleanup()",
            "children": [
              {
                "kind": "TypeNominal",
                "name": "Void",
                "printedName": "()"
              }
            ],
            "declKind": "Func",
            "usr": "s:3Ocr10SDKOcrInitC7cleanupyyF",
            "mangledName": "$s3Ocr10SDKOcrInitC7cleanupyyF",
            "moduleName": "Ocr",
            "declAttributes": [
              "AccessControl",
              "RawDocComment"
            ],
            "funcSelfKind": "NonMutating"
          }
        ],
        "declKind": "Class",
        "usr": "s:3Ocr10SDKOcrInitC",
        "mangledName": "$s3Ocr10SDKOcrInitC",
        "moduleName": "Ocr",
        "declAttributes": [
          "AccessControl",
          "RawDocComment"
        ],
        "hasMissingDesignatedInitializers": true,
        "conformances": [
          {
            "kind": "Conformance",
            "name": "Copyable",
            "printedName": "Copyable",
            "usr": "s:s8CopyableP",
            "mangledName": "$ss8CopyableP"
          },
          {
            "kind": "Conformance",
            "name": "Escapable",
            "printedName": "Escapable",
            "usr": "s:s9EscapableP",
            "mangledName": "$ss9EscapableP"
          }
        ]
      },
      {
        "kind": "Import",
        "name": "Foundation",
        "printedName": "Foundation",
        "declKind": "Import",
        "moduleName": "Ocr",
        "declAttributes": [
          "RawDocComment"
        ]
      },
      {
        "kind": "Import",
        "name": "SDKCore",
        "printedName": "SDKCore",
        "declKind": "Import",
        "moduleName": "Ocr"
      },
      {
        "kind": "TypeDecl",
        "name": "SDKOcrResult",
        "printedName": "SDKOcrResult",
        "children": [
          {
            "kind": "Var",
            "name": "ocrResultDetailFont",
            "printedName": "ocrResultDetailFont",
            "children": [
              {
                "kind": "TypeNominal",
                "name": "Optional",
                "printedName": "SDKCore.CheckOcrResponse.OcrCheckResult.Detail?",
                "children": [
                  {
                    "kind": "TypeNominal",
                    "name": "Detail",
                    "printedName": "SDKCore.CheckOcrResponse.OcrCheckResult.Detail",
                    "usr": "s:7SDKCore16CheckOcrResponseC0cB6ResultC6DetailC"
                  }
                ],
                "usr": "s:Sq"
              }
            ],
            "declKind": "Var",
            "usr": "s:3Ocr12SDKOcrResultC03ocrC10DetailFont7SDKCore05CheckA8ResponseC0ahC0C0E0CSgvp",
            "mangledName": "$s3Ocr12SDKOcrResultC03ocrC10DetailFont7SDKCore05CheckA8ResponseC0ahC0C0E0CSgvp",
            "moduleName": "Ocr",
            "declAttributes": [
              "HasInitialValue",
              "HasStorage",
              "AccessControl",
              "RawDocComment"
            ],
            "hasStorage": true,
            "accessors": [
              {
                "kind": "Accessor",
                "name": "Get",
                "printedName": "Get()",
                "children": [
                  {
                    "kind": "TypeNominal",
                    "name": "Optional",
                    "printedName": "SDKCore.CheckOcrResponse.OcrCheckResult.Detail?",
                    "children": [
                      {
                        "kind": "TypeNominal",
                        "name": "Detail",
                        "printedName": "SDKCore.CheckOcrResponse.OcrCheckResult.Detail",
                        "usr": "s:7SDKCore16CheckOcrResponseC0cB6ResultC6DetailC"
                      }
                    ],
                    "usr": "s:Sq"
                  }
                ],
                "declKind": "Accessor",
                "usr": "s:3Ocr12SDKOcrResultC03ocrC10DetailFont7SDKCore05CheckA8ResponseC0ahC0C0E0CSgvg",
                "mangledName": "$s3Ocr12SDKOcrResultC03ocrC10DetailFont7SDKCore05CheckA8ResponseC0ahC0C0E0CSgvg",
                "moduleName": "Ocr",
                "implicit": true,
                "accessorKind": "get"
              },
              {
                "kind": "Accessor",
                "name": "Set",
                "printedName": "Set()",
                "children": [
                  {
                    "kind": "TypeNominal",
                    "name": "Void",
                    "printedName": "()"
                  },
                  {
                    "kind": "TypeNominal",
                    "name": "Optional",
                    "printedName": "SDKCore.CheckOcrResponse.OcrCheckResult.Detail?",
                    "children": [
                      {
                        "kind": "TypeNominal",
                        "name": "Detail",
                        "printedName": "SDKCore.CheckOcrResponse.OcrCheckResult.Detail",
                        "usr": "s:7SDKCore16CheckOcrResponseC0cB6ResultC6DetailC"
                      }
                    ],
                    "usr": "s:Sq"
                  }
                ],
                "declKind": "Accessor",
                "usr": "s:3Ocr12SDKOcrResultC03ocrC10DetailFont7SDKCore05CheckA8ResponseC0ahC0C0E0CSgvs",
                "mangledName": "$s3Ocr12SDKOcrResultC03ocrC10DetailFont7SDKCore05CheckA8ResponseC0ahC0C0E0CSgvs",
                "moduleName": "Ocr",
                "implicit": true,
                "accessorKind": "set"
              },
              {
                "kind": "Accessor",
                "name": "Modify",
                "printedName": "Modify()",
                "children": [
                  {
                    "kind": "TypeNominal",
                    "name": "Void",
                    "printedName": "()"
                  }
                ],
                "declKind": "Accessor",
                "usr": "s:3Ocr12SDKOcrResultC03ocrC10DetailFont7SDKCore05CheckA8ResponseC0ahC0C0E0CSgvM",
                "mangledName": "$s3Ocr12SDKOcrResultC03ocrC10DetailFont7SDKCore05CheckA8ResponseC0ahC0C0E0CSgvM",
                "moduleName": "Ocr",
                "implicit": true,
                "accessorKind": "_modify"
              }
            ]
          },
          {
            "kind": "Var",
            "name": "ocrResultDetailBack",
            "printedName": "ocrResultDetailBack",
            "children": [
              {
                "kind": "TypeNominal",
                "name": "Optional",
                "printedName": "SDKCore.CheckOcrResponse.OcrCheckResult.Detail?",
                "children": [
                  {
                    "kind": "TypeNominal",
                    "name": "Detail",
                    "printedName": "SDKCore.CheckOcrResponse.OcrCheckResult.Detail",
                    "usr": "s:7SDKCore16CheckOcrResponseC0cB6ResultC6DetailC"
                  }
                ],
                "usr": "s:Sq"
              }
            ],
            "declKind": "Var",
            "usr": "s:3Ocr12SDKOcrResultC03ocrC10DetailBack7SDKCore05CheckA8ResponseC0ahC0C0E0CSgvp",
            "mangledName": "$s3Ocr12SDKOcrResultC03ocrC10DetailBack7SDKCore05CheckA8ResponseC0ahC0C0E0CSgvp",
            "moduleName": "Ocr",
            "declAttributes": [
              "HasInitialValue",
              "HasStorage",
              "AccessControl"
            ],
            "hasStorage": true,
            "accessors": [
              {
                "kind": "Accessor",
                "name": "Get",
                "printedName": "Get()",
                "children": [
                  {
                    "kind": "TypeNominal",
                    "name": "Optional",
                    "printedName": "SDKCore.CheckOcrResponse.OcrCheckResult.Detail?",
                    "children": [
                      {
                        "kind": "TypeNominal",
                        "name": "Detail",
                        "printedName": "SDKCore.CheckOcrResponse.OcrCheckResult.Detail",
                        "usr": "s:7SDKCore16CheckOcrResponseC0cB6ResultC6DetailC"
                      }
                    ],
                    "usr": "s:Sq"
                  }
                ],
                "declKind": "Accessor",
                "usr": "s:3Ocr12SDKOcrResultC03ocrC10DetailBack7SDKCore05CheckA8ResponseC0ahC0C0E0CSgvg",
                "mangledName": "$s3Ocr12SDKOcrResultC03ocrC10DetailBack7SDKCore05CheckA8ResponseC0ahC0C0E0CSgvg",
                "moduleName": "Ocr",
                "implicit": true,
                "accessorKind": "get"
              },
              {
                "kind": "Accessor",
                "name": "Set",
                "printedName": "Set()",
                "children": [
                  {
                    "kind": "TypeNominal",
                    "name": "Void",
                    "printedName": "()"
                  },
                  {
                    "kind": "TypeNominal",
                    "name": "Optional",
                    "printedName": "SDKCore.CheckOcrResponse.OcrCheckResult.Detail?",
                    "children": [
                      {
                        "kind": "TypeNominal",
                        "name": "Detail",
                        "printedName": "SDKCore.CheckOcrResponse.OcrCheckResult.Detail",
                        "usr": "s:7SDKCore16CheckOcrResponseC0cB6ResultC6DetailC"
                      }
                    ],
                    "usr": "s:Sq"
                  }
                ],
                "declKind": "Accessor",
                "usr": "s:3Ocr12SDKOcrResultC03ocrC10DetailBack7SDKCore05CheckA8ResponseC0ahC0C0E0CSgvs",
                "mangledName": "$s3Ocr12SDKOcrResultC03ocrC10DetailBack7SDKCore05CheckA8ResponseC0ahC0C0E0CSgvs",
                "moduleName": "Ocr",
                "implicit": true,
                "accessorKind": "set"
              },
              {
                "kind": "Accessor",
                "name": "Modify",
                "printedName": "Modify()",
                "children": [
                  {
                    "kind": "TypeNominal",
                    "name": "Void",
                    "printedName": "()"
                  }
                ],
                "declKind": "Accessor",
                "usr": "s:3Ocr12SDKOcrResultC03ocrC10DetailBack7SDKCore05CheckA8ResponseC0ahC0C0E0CSgvM",
                "mangledName": "$s3Ocr12SDKOcrResultC03ocrC10DetailBack7SDKCore05CheckA8ResponseC0ahC0C0E0CSgvM",
                "moduleName": "Ocr",
                "implicit": true,
                "accessorKind": "_modify"
              }
            ]
          },
          {
            "kind": "Constructor",
            "name": "init",
            "printedName": "init()",
            "children": [
              {
                "kind": "TypeNominal",
                "name": "SDKOcrResult",
                "printedName": "Ocr.SDKOcrResult",
                "usr": "c:@M@Ocr@objc(cs)SDKOcrResult"
              }
            ],
            "declKind": "Constructor",
            "usr": "c:@M@Ocr@objc(cs)SDKOcrResult(im)init",
            "mangledName": "$s3Ocr12SDKOcrResultCACycfc",
            "moduleName": "Ocr",
            "overriding": true,
            "objc_name": "init",
            "declAttributes": [
              "Dynamic",
              "ObjC",
              "Override",
              "AccessControl"
            ],
            "init_kind": "Designated"
          },
          {
            "kind": "Constructor",
            "name": "init",
            "printedName": "init(ocrResultDetailFont:ocrResultDetailBack:)",
            "children": [
              {
                "kind": "TypeNominal",
                "name": "SDKOcrResult",
                "printedName": "Ocr.SDKOcrResult",
                "usr": "c:@M@Ocr@objc(cs)SDKOcrResult"
              },
              {
                "kind": "TypeNominal",
                "name": "Optional",
                "printedName": "SDKCore.CheckOcrResponse.OcrCheckResult.Detail?",
                "children": [
                  {
                    "kind": "TypeNominal",
                    "name": "Detail",
                    "printedName": "SDKCore.CheckOcrResponse.OcrCheckResult.Detail",
                    "usr": "s:7SDKCore16CheckOcrResponseC0cB6ResultC6DetailC"
                  }
                ],
                "hasDefaultArg": true,
                "usr": "s:Sq"
              },
              {
                "kind": "TypeNominal",
                "name": "Optional",
                "printedName": "SDKCore.CheckOcrResponse.OcrCheckResult.Detail?",
                "children": [
                  {
                    "kind": "TypeNominal",
                    "name": "Detail",
                    "printedName": "SDKCore.CheckOcrResponse.OcrCheckResult.Detail",
                    "usr": "s:7SDKCore16CheckOcrResponseC0cB6ResultC6DetailC"
                  }
                ],
                "hasDefaultArg": true,
                "usr": "s:Sq"
              }
            ],
            "declKind": "Constructor",
            "usr": "s:3Ocr12SDKOcrResultC03ocrC10DetailFont0dcE4BackAC7SDKCore05CheckA8ResponseC0aiC0C0E0CSg_AMtcfc",
            "mangledName": "$s3Ocr12SDKOcrResultC03ocrC10DetailFont0dcE4BackAC7SDKCore05CheckA8ResponseC0aiC0C0E0CSg_AMtcfc",
            "moduleName": "Ocr",
            "declAttributes": [
              "AccessControl"
            ],
            "init_kind": "Designated"
          },
          {
            "kind": "Var",
            "name": "description",
            "printedName": "description",
            "children": [
              {
                "kind": "TypeNominal",
                "name": "String",
                "printedName": "Swift.String",
                "usr": "s:SS"
              }
            ],
            "declKind": "Var",
            "usr": "c:@M@Ocr@objc(cs)SDKOcrResult(py)description",
            "mangledName": "$s3Ocr12SDKOcrResultC11descriptionSSvp",
            "moduleName": "Ocr",
            "overriding": true,
            "objc_name": "description",
            "declAttributes": [
              "Dynamic",
              "ObjC",
              "Override",
              "AccessControl",
              "RawDocComment"
            ],
            "accessors": [
              {
                "kind": "Accessor",
                "name": "Get",
                "printedName": "Get()",
                "children": [
                  {
                    "kind": "TypeNominal",
                    "name": "String",
                    "printedName": "Swift.String",
                    "usr": "s:SS"
                  }
                ],
                "declKind": "Accessor",
                "usr": "c:@M@Ocr@objc(cs)SDKOcrResult(im)description",
                "mangledName": "$s3Ocr12SDKOcrResultC11descriptionSSvg",
                "moduleName": "Ocr",
                "overriding": true,
                "objc_name": "description",
                "declAttributes": [
                  "Dynamic",
                  "ObjC"
                ],
                "accessorKind": "get"
              }
            ]
          }
        ],
        "declKind": "Class",
        "usr": "c:@M@Ocr@objc(cs)SDKOcrResult",
        "mangledName": "$s3Ocr12SDKOcrResultC",
        "moduleName": "Ocr",
        "declAttributes": [
          "AccessControl",
          "ObjC",
          "RawDocComment"
        ],
        "superclassUsr": "c:objc(cs)NSObject",
        "inheritsConvenienceInitializers": true,
        "superclassNames": [
          "ObjectiveC.NSObject"
        ],
        "conformances": [
          {
            "kind": "Conformance",
            "name": "Copyable",
            "printedName": "Copyable",
            "usr": "s:s8CopyableP",
            "mangledName": "$ss8CopyableP"
          },
          {
            "kind": "Conformance",
            "name": "Escapable",
            "printedName": "Escapable",
            "usr": "s:s9EscapableP",
            "mangledName": "$ss9EscapableP"
          },
          {
            "kind": "Conformance",
            "name": "Equatable",
            "printedName": "Equatable",
            "usr": "s:SQ",
            "mangledName": "$sSQ"
          },
          {
            "kind": "Conformance",
            "name": "Hashable",
            "printedName": "Hashable",
            "usr": "s:SH",
            "mangledName": "$sSH"
          },
          {
            "kind": "Conformance",
            "name": "CVarArg",
            "printedName": "CVarArg",
            "usr": "s:s7CVarArgP",
            "mangledName": "$ss7CVarArgP"
          },
          {
            "kind": "Conformance",
            "name": "_KeyValueCodingAndObservingPublishing",
            "printedName": "_KeyValueCodingAndObservingPublishing",
            "usr": "s:10Foundation37_KeyValueCodingAndObservingPublishingP",
            "mangledName": "$s10Foundation37_KeyValueCodingAndObservingPublishingP"
          },
          {
            "kind": "Conformance",
            "name": "_KeyValueCodingAndObserving",
            "printedName": "_KeyValueCodingAndObserving",
            "usr": "s:10Foundation27_KeyValueCodingAndObservingP",
            "mangledName": "$s10Foundation27_KeyValueCodingAndObservingP"
          },
          {
            "kind": "Conformance",
            "name": "CustomStringConvertible",
            "printedName": "CustomStringConvertible",
            "usr": "s:s23CustomStringConvertibleP",
            "mangledName": "$ss23CustomStringConvertibleP"
          },
          {
            "kind": "Conformance",
            "name": "CustomDebugStringConvertible",
            "printedName": "CustomDebugStringConvertible",
            "usr": "s:s28CustomDebugStringConvertibleP",
            "mangledName": "$ss28CustomDebugStringConvertibleP"
          }
        ]
      },
      {
        "kind": "Import",
        "name": "Foundation",
        "printedName": "Foundation",
        "declKind": "Import",
        "moduleName": "Ocr",
        "declAttributes": [
          "RawDocComment"
        ]
      },
      {
        "kind": "Import",
        "name": "UIKit",
        "printedName": "UIKit",
        "declKind": "Import",
        "moduleName": "Ocr"
      },
      {
        "kind": "Import",
        "name": "SDKCore",
        "printedName": "SDKCore",
        "declKind": "Import",
        "moduleName": "Ocr"
      },
      {
        "kind": "TypeDecl",
        "name": "SDKOcrViewModel",
        "printedName": "SDKOcrViewModel",
        "children": [
          {
            "kind": "Constructor",
            "name": "init",
            "printedName": "init()",
            "children": [
              {
                "kind": "TypeNominal",
                "name": "SDKOcrViewModel",
                "printedName": "Ocr.SDKOcrViewModel",
                "usr": "s:3Ocr15SDKOcrViewModelC"
              }
            ],
            "declKind": "Constructor",
            "usr": "s:3Ocr15SDKOcrViewModelCACycfc",
            "mangledName": "$s3Ocr15SDKOcrViewModelCACycfc",
            "moduleName": "Ocr",
            "declAttributes": [
              "AccessControl"
            ],
            "init_kind": "Designated"
          },
          {
            "kind": "Function",
            "name": "verifyNationalIdOcr",
            "printedName": "verifyNationalIdOcr(apiKey:ocrConfig:qrCodeIdNumber:callbackSuccess:callbackError:)",
            "children": [
              {
                "kind": "TypeNominal",
                "name": "Void",
                "printedName": "()"
              },
              {
                "kind": "TypeNominal",
                "name": "String",
                "printedName": "Swift.String",
                "usr": "s:SS"
              },
              {
                "kind": "TypeNominal",
                "name": "OcrConfig",
                "printedName": "SDKCore.OcrConfig",
                "usr": "c:@M@SDKCore@objc(cs)OcrConfig"
              },
              {
                "kind": "TypeNominal",
                "name": "Optional",
                "printedName": "Swift.String?",
                "children": [
                  {
                    "kind": "TypeNominal",
                    "name": "String",
                    "printedName": "Swift.String",
                    "usr": "s:SS"
                  }
                ],
                "hasDefaultArg": true,
                "usr": "s:Sq"
              },
              {
                "kind": "TypeFunc",
                "name": "Function",
                "printedName": "(SDKCore.EKYCEvent, SDKCore.SDKEkycResult?) -> ()",
                "children": [
                  {
                    "kind": "TypeNominal",
                    "name": "Void",
                    "printedName": "()"
                  },
                  {
                    "kind": "TypeNominal",
                    "name": "Tuple",
                    "printedName": "(SDKCore.EKYCEvent, SDKCore.SDKEkycResult?)",
                    "children": [
                      {
                        "kind": "TypeNominal",
                        "name": "EKYCEvent",
                        "printedName": "SDKCore.EKYCEvent",
                        "usr": "c:@M@SDKCore@E@EKYCEvent"
                      },
                      {
                        "kind": "TypeNominal",
                        "name": "Optional",
                        "printedName": "SDKCore.SDKEkycResult?",
                        "children": [
                          {
                            "kind": "TypeNominal",
                            "name": "SDKEkycResult",
                            "printedName": "SDKCore.SDKEkycResult",
                            "usr": "c:@M@SDKCore@objc(cs)SDKEkycResult"
                          }
                        ],
                        "usr": "s:Sq"
                      }
                    ]
                  }
                ]
              },
              {
                "kind": "TypeFunc",
                "name": "Function",
                "printedName": "(SDKCore.EKYCErrorEvent, SDKCore.EKYCErrorResult) -> ()",
                "children": [
                  {
                    "kind": "TypeNominal",
                    "name": "Void",
                    "printedName": "()"
                  },
                  {
                    "kind": "TypeNominal",
                    "name": "Tuple",
                    "printedName": "(SDKCore.EKYCErrorEvent, SDKCore.EKYCErrorResult)",
                    "children": [
                      {
                        "kind": "TypeNominal",
                        "name": "EKYCErrorEvent",
                        "printedName": "SDKCore.EKYCErrorEvent",
                        "usr": "c:@M@SDKCore@E@EKYCErrorEvent"
                      },
                      {
                        "kind": "TypeNominal",
                        "name": "EKYCErrorResult",
                        "printedName": "SDKCore.EKYCErrorResult",
                        "usr": "c:@M@SDKCore@objc(cs)EKYCErrorResult"
                      }
                    ]
                  }
                ]
              }
            ],
            "declKind": "Func",
            "usr": "s:3Ocr15SDKOcrViewModelC016verifyNationalIdA06apiKey9ocrConfig06qrCodeG6Number15callbackSuccess0O5ErrorySS_7SDKCore0aK0CSSSgyAJ9EKYCEventO_AJ13SDKEkycResultCSgtcyAJ14EKYCErrorEventO_AJ0vU0CtctF",
            "mangledName": "$s3Ocr15SDKOcrViewModelC016verifyNationalIdA06apiKey9ocrConfig06qrCodeG6Number15callbackSuccess0O5ErrorySS_7SDKCore0aK0CSSSgyAJ9EKYCEventO_AJ13SDKEkycResultCSgtcyAJ14EKYCErrorEventO_AJ0vU0CtctF",
            "moduleName": "Ocr",
            "declAttributes": [
              "AccessControl",
              "RawDocComment"
            ],
            "funcSelfKind": "NonMutating"
          },
          {
            "kind": "Function",
            "name": "getOcrResult",
            "printedName": "getOcrResult()",
            "children": [
              {
                "kind": "TypeNominal",
                "name": "SDKOcrResult",
                "printedName": "Ocr.SDKOcrResult",
                "usr": "c:@M@Ocr@objc(cs)SDKOcrResult"
              }
            ],
            "declKind": "Func",
            "usr": "s:3Ocr15SDKOcrViewModelC03getA6ResultAA0bF0CyF",
            "mangledName": "$s3Ocr15SDKOcrViewModelC03getA6ResultAA0bF0CyF",
            "moduleName": "Ocr",
            "declAttributes": [
              "AccessControl",
              "RawDocComment"
            ],
            "funcSelfKind": "NonMutating"
          },
          {
            "kind": "Function",
            "name": "cancelRequest",
            "printedName": "cancelRequest()",
            "children": [
              {
                "kind": "TypeNominal",
                "name": "Void",
                "printedName": "()"
              }
            ],
            "declKind": "Func",
            "usr": "s:3Ocr15SDKOcrViewModelC13cancelRequestyyF",
            "mangledName": "$s3Ocr15SDKOcrViewModelC13cancelRequestyyF",
            "moduleName": "Ocr",
            "declAttributes": [
              "AccessControl",
              "RawDocComment"
            ],
            "funcSelfKind": "NonMutating"
          }
        ],
        "declKind": "Class",
        "usr": "s:3Ocr15SDKOcrViewModelC",
        "mangledName": "$s3Ocr15SDKOcrViewModelC",
        "moduleName": "Ocr",
        "declAttributes": [
          "AccessControl",
          "RawDocComment"
        ],
        "conformances": [
          {
            "kind": "Conformance",
            "name": "Copyable",
            "printedName": "Copyable",
            "usr": "s:s8CopyableP",
            "mangledName": "$ss8CopyableP"
          },
          {
            "kind": "Conformance",
            "name": "Escapable",
            "printedName": "Escapable",
            "usr": "s:s9EscapableP",
            "mangledName": "$ss9EscapableP"
          }
        ]
      },
      {
        "kind": "Import",
        "name": "Foundation",
        "printedName": "Foundation",
        "declKind": "Import",
        "moduleName": "Ocr",
        "declAttributes": [
          "RawDocComment"
        ]
      },
      {
        "kind": "Import",
        "name": "SDKCore",
        "printedName": "SDKCore",
        "declKind": "Import",
        "moduleName": "Ocr"
      },
      {
        "kind": "TypeDecl",
        "name": "SdkEkycOcr",
        "printedName": "SdkEkycOcr",
        "children": [
          {
            "kind": "Function",
            "name": "startEkyc",
            "printedName": "startEkyc(ekycConfigSDK:callbackSuccess:callbackError:)",
            "children": [
              {
                "kind": "TypeNominal",
                "name": "Void",
                "printedName": "()"
              },
              {
                "kind": "TypeNominal",
                "name": "EKYCConfigSDK",
                "printedName": "SDKCore.EKYCConfigSDK",
                "usr": "c:@M@SDKCore@objc(cs)EKYCConfigSDK"
              },
              {
                "kind": "TypeNominal",
                "name": "Optional",
                "printedName": "((SDKCore.EKYCEvent, SDKCore.SDKEkycResult?) -> ())?",
                "children": [
                  {
                    "kind": "TypeFunc",
                    "name": "Function",
                    "printedName": "(SDKCore.EKYCEvent, SDKCore.SDKEkycResult?) -> ()",
                    "children": [
                      {
                        "kind": "TypeNominal",
                        "name": "Void",
                        "printedName": "()"
                      },
                      {
                        "kind": "TypeNominal",
                        "name": "Tuple",
                        "printedName": "(SDKCore.EKYCEvent, SDKCore.SDKEkycResult?)",
                        "children": [
                          {
                            "kind": "TypeNominal",
                            "name": "EKYCEvent",
                            "printedName": "SDKCore.EKYCEvent",
                            "usr": "c:@M@SDKCore@E@EKYCEvent"
                          },
                          {
                            "kind": "TypeNominal",
                            "name": "Optional",
                            "printedName": "SDKCore.SDKEkycResult?",
                            "children": [
                              {
                                "kind": "TypeNominal",
                                "name": "SDKEkycResult",
                                "printedName": "SDKCore.SDKEkycResult",
                                "usr": "c:@M@SDKCore@objc(cs)SDKEkycResult"
                              }
                            ],
                            "usr": "s:Sq"
                          }
                        ]
                      }
                    ]
                  }
                ],
                "hasDefaultArg": true,
                "usr": "s:Sq"
              },
              {
                "kind": "TypeNominal",
                "name": "Optional",
                "printedName": "((SDKCore.EKYCErrorEvent, SDKCore.EKYCErrorResult) -> ())?",
                "children": [
                  {
                    "kind": "TypeFunc",
                    "name": "Function",
                    "printedName": "(SDKCore.EKYCErrorEvent, SDKCore.EKYCErrorResult) -> ()",
                    "children": [
                      {
                        "kind": "TypeNominal",
                        "name": "Void",
                        "printedName": "()"
                      },
                      {
                        "kind": "TypeNominal",
                        "name": "Tuple",
                        "printedName": "(SDKCore.EKYCErrorEvent, SDKCore.EKYCErrorResult)",
                        "children": [
                          {
                            "kind": "TypeNominal",
                            "name": "EKYCErrorEvent",
                            "printedName": "SDKCore.EKYCErrorEvent",
                            "usr": "c:@M@SDKCore@E@EKYCErrorEvent"
                          },
                          {
                            "kind": "TypeNominal",
                            "name": "EKYCErrorResult",
                            "printedName": "SDKCore.EKYCErrorResult",
                            "usr": "c:@M@SDKCore@objc(cs)EKYCErrorResult"
                          }
                        ]
                      }
                    ]
                  }
                ],
                "hasDefaultArg": true,
                "usr": "s:Sq"
              }
            ],
            "declKind": "Func",
            "usr": "c:@M@Ocr@objc(cs)SdkEkycOcr(cm)startEkycWithEkycConfigSDK:callbackSuccess:callbackError:",
            "mangledName": "$s3Ocr07SdkEkycA0C05startC013ekycConfigSDK15callbackSuccess0H5Errory7SDKCore010EKYCConfigG0C_yAH9EKYCEventO_AH13SDKEkycResultCSgtcSgyAH14EKYCErrorEventO_AH0pO0CtcSgtFZ",
            "moduleName": "Ocr",
            "static": true,
            "objc_name": "startEkycWithEkycConfigSDK:callbackSuccess:callbackError:",
            "declAttributes": [
              "Final",
              "AccessControl",
              "ObjC",
              "RawDocComment"
            ],
            "funcSelfKind": "NonMutating"
          },
          {
            "kind": "Function",
            "name": "getOcrResult",
            "printedName": "getOcrResult()",
            "children": [
              {
                "kind": "TypeNominal",
                "name": "SDKOcrResult",
                "printedName": "Ocr.SDKOcrResult",
                "usr": "c:@M@Ocr@objc(cs)SDKOcrResult"
              }
            ],
            "declKind": "Func",
            "usr": "c:@M@Ocr@objc(cs)SdkEkycOcr(cm)getOcrResult",
            "mangledName": "$s3Ocr07SdkEkycA0C03getA6ResultAA06SDKOcrE0CyFZ",
            "moduleName": "Ocr",
            "static": true,
            "declAttributes": [
              "Final",
              "AccessControl",
              "ObjC",
              "RawDocComment"
            ],
            "funcSelfKind": "NonMutating"
          },
          {
            "kind": "Function",
            "name": "cancelRequest",
            "printedName": "cancelRequest()",
            "children": [
              {
                "kind": "TypeNominal",
                "name": "Void",
                "printedName": "()"
              }
            ],
            "declKind": "Func",
            "usr": "c:@M@Ocr@objc(cs)SdkEkycOcr(cm)cancelRequest",
            "mangledName": "$s3Ocr07SdkEkycA0C13cancelRequestyyFZ",
            "moduleName": "Ocr",
            "static": true,
            "declAttributes": [
              "Final",
              "AccessControl",
              "ObjC",
              "RawDocComment"
            ],
            "funcSelfKind": "NonMutating"
          },
          {
            "kind": "Constructor",
            "name": "init",
            "printedName": "init()",
            "children": [
              {
                "kind": "TypeNominal",
                "name": "SdkEkycOcr",
                "printedName": "Ocr.SdkEkycOcr",
                "usr": "c:@M@Ocr@objc(cs)SdkEkycOcr"
              }
            ],
            "declKind": "Constructor",
            "usr": "c:@M@Ocr@objc(cs)SdkEkycOcr(im)init",
            "mangledName": "$s3Ocr07SdkEkycA0CACycfc",
            "moduleName": "Ocr",
            "overriding": true,
            "implicit": true,
            "objc_name": "init",
            "declAttributes": [
              "Dynamic",
              "ObjC",
              "Override"
            ],
            "init_kind": "Designated"
          }
        ],
        "declKind": "Class",
        "usr": "c:@M@Ocr@objc(cs)SdkEkycOcr",
        "mangledName": "$s3Ocr07SdkEkycA0C",
        "moduleName": "Ocr",
        "declAttributes": [
          "AccessControl",
          "ObjC",
          "RawDocComment"
        ],
        "superclassUsr": "c:objc(cs)NSObject",
        "inheritsConvenienceInitializers": true,
        "superclassNames": [
          "ObjectiveC.NSObject"
        ],
        "conformances": [
          {
            "kind": "Conformance",
            "name": "Copyable",
            "printedName": "Copyable",
            "usr": "s:s8CopyableP",
            "mangledName": "$ss8CopyableP"
          },
          {
            "kind": "Conformance",
            "name": "Escapable",
            "printedName": "Escapable",
            "usr": "s:s9EscapableP",
            "mangledName": "$ss9EscapableP"
          },
          {
            "kind": "Conformance",
            "name": "Equatable",
            "printedName": "Equatable",
            "usr": "s:SQ",
            "mangledName": "$sSQ"
          },
          {
            "kind": "Conformance",
            "name": "Hashable",
            "printedName": "Hashable",
            "usr": "s:SH",
            "mangledName": "$sSH"
          },
          {
            "kind": "Conformance",
            "name": "CVarArg",
            "printedName": "CVarArg",
            "usr": "s:s7CVarArgP",
            "mangledName": "$ss7CVarArgP"
          },
          {
            "kind": "Conformance",
            "name": "_KeyValueCodingAndObservingPublishing",
            "printedName": "_KeyValueCodingAndObservingPublishing",
            "usr": "s:10Foundation37_KeyValueCodingAndObservingPublishingP",
            "mangledName": "$s10Foundation37_KeyValueCodingAndObservingPublishingP"
          },
          {
            "kind": "Conformance",
            "name": "_KeyValueCodingAndObserving",
            "printedName": "_KeyValueCodingAndObserving",
            "usr": "s:10Foundation27_KeyValueCodingAndObservingP",
            "mangledName": "$s10Foundation27_KeyValueCodingAndObservingP"
          },
          {
            "kind": "Conformance",
            "name": "CustomStringConvertible",
            "printedName": "CustomStringConvertible",
            "usr": "s:s23CustomStringConvertibleP",
            "mangledName": "$ss23CustomStringConvertibleP"
          },
          {
            "kind": "Conformance",
            "name": "CustomDebugStringConvertible",
            "printedName": "CustomDebugStringConvertible",
            "usr": "s:s28CustomDebugStringConvertibleP",
            "mangledName": "$ss28CustomDebugStringConvertibleP"
          }
        ]
      }
    ],
    "json_format_version": 8
  },
  "ConstValues": [
    {
      "filePath": "\/Volumes\/Data\/Work\/GalaxyHolding\/SDK_IOS\/EkycNativeIOS\/Modules\/Ocr\/Sources\/SDKOcrResult.swift",
      "kind": "StringLiteral",
      "offset": 1017,
      "length": 156,
      "value": "\"SDKOcrResult(ocrResultDetailFont=\""
    },
    {
      "filePath": "\/Volumes\/Data\/Work\/GalaxyHolding\/SDK_IOS\/EkycNativeIOS\/Modules\/Ocr\/Sources\/SDKOcrResult.swift",
      "kind": "StringLiteral",
      "offset": 1082,
      "length": 9,
      "value": "\"present\""
    },
    {
      "filePath": "\/Volumes\/Data\/Work\/GalaxyHolding\/SDK_IOS\/EkycNativeIOS\/Modules\/Ocr\/Sources\/SDKOcrResult.swift",
      "kind": "StringLiteral",
      "offset": 1094,
      "length": 5,
      "value": "\"nil\""
    },
    {
      "filePath": "\/Volumes\/Data\/Work\/GalaxyHolding\/SDK_IOS\/EkycNativeIOS\/Modules\/Ocr\/Sources\/SDKOcrResult.swift",
      "kind": "StringLiteral",
      "offset": 1100,
      "length": 1,
      "value": "\", ocrResultDetailBack=\""
    },
    {
      "filePath": "\/Volumes\/Data\/Work\/GalaxyHolding\/SDK_IOS\/EkycNativeIOS\/Modules\/Ocr\/Sources\/SDKOcrResult.swift",
      "kind": "StringLiteral",
      "offset": 1153,
      "length": 9,
      "value": "\"present\""
    },
    {
      "filePath": "\/Volumes\/Data\/Work\/GalaxyHolding\/SDK_IOS\/EkycNativeIOS\/Modules\/Ocr\/Sources\/SDKOcrResult.swift",
      "kind": "StringLiteral",
      "offset": 1165,
      "length": 5,
      "value": "\"nil\""
    },
    {
      "filePath": "\/Volumes\/Data\/Work\/GalaxyHolding\/SDK_IOS\/EkycNativeIOS\/Modules\/Ocr\/Sources\/SDKOcrResult.swift",
      "kind": "StringLiteral",
      "offset": 1171,
      "length": 1,
      "value": "\")\""
    }
  ]
}